pu,threat,amount,action_cost,status
1,2,1,1,0
1,4,1,1,0
2,2,1,1,0
2,3,1,1,0
2,4,1,1,0
3,2,1,1,0
3,4,1,1,0
4,2,1,1,0
4,4,1,1,0
5,2,1,1,0
5,4,1,1,0
6,2,1,1,0
6,4,1,1,0
7,2,1,1,0
7,4,1,1,0
8,2,1,1,0
8,4,1,1,0
9,2,1,1,0
9,4,1,1,0
10,2,1,1,0
10,4,1,1,0
11,2,1,1,0
11,4,1,1,0
12,2,1,1,0
12,4,1,1,0
13,2,1,1,0
13,4,1,1,0
14,2,1,1,0
14,4,1,1,0
15,2,1,1,0
15,4,1,1,0
16,2,1,1,0
16,4,1,1,0
17,2,1,1,0
17,4,1,1,0
18,2,1,1,0
18,4,1,1,0
19,2,1,1,0
19,4,1,1,0
20,2,1,1,0
20,4,1,1,0
21,2,1,1,0
21,4,1,1,0
22,2,1,1,0
22,4,1,1,0
23,2,1,1,0
23,4,1,1,0
24,2,1,1,0
24,4,1,1,0
25,2,1,1,0
25,4,1,1,0
26,2,1,1,0
26,4,1,1,0
27,2,1,1,0
27,4,1,1,0
28,2,1,1,0
28,4,1,1,0
29,2,1,1,0
29,4,1,1,0
30,2,1,1,0
30,4,1,1,0
31,2,1,1,0
31,4,1,1,0
32,2,1,1,0
32,4,1,1,0
33,2,1,1,0
33,4,1,1,0
34,2,1,1,0
34,4,1,1,0
35,2,1,1,0
35,4,1,1,0
36,2,1,1,0
36,4,1,1,0
37,2,1,1,0
37,4,1,1,0
38,2,1,1,0
38,4,1,1,0
39,2,1,1,0
39,4,1,1,0
40,2,1,1,0
40,4,1,1,0
41,2,1,1,0
41,4,1,1,0
42,2,1,1,0
42,4,1,1,0
43,2,1,1,0
43,4,1,1,0
44,2,1,1,0
44,4,1,1,0
45,2,1,1,0
45,4,1,1,0
46,2,1,1,0
46,4,1,1,0
47,2,1,1,0
47,4,1,1,0
48,2,1,1,0
48,4,1,1,0
49,2,1,1,0
49,4,1,1,0
50,2,1,1,0
50,4,1,1,0
51,2,1,1,0
51,4,1,1,0
52,2,1,1,0
52,3,1,1,0
52,4,1,1,0
53,2,1,1,0
53,4,1,1,0
54,2,1,1,0
54,4,1,1,0
55,2,1,1,0
55,4,1,1,0
56,2,1,1,0
56,4,1,1,0
57,2,1,1,0
57,4,1,1,0
58,2,1,1,0
58,4,1,1,0
59,1,1,1,0
59,2,1,1,0
59,3,1,1,0
59,4,1,1,0
60,2,1,1,0
60,4,1,1,0
61,2,1,1,0
61,4,1,1,0
62,2,1,1,0
62,4,1,1,0
63,1,1,1,0
63,2,1,1,0
63,3,1,1,0
63,4,1,1,0
64,2,1,1,0
64,4,1,1,0
65,2,1,1,0
65,4,1,1,0
66,2,1,1,0
66,4,1,1,0
67,2,1,1,0
67,4,1,1,0
68,2,1,1,0
68,4,1,1,0
69,2,1,1,0
69,4,1,1,0
70,2,1,1,0
70,4,1,1,0
71,2,1,1,0
71,4,1,1,0
72,2,1,1,0
72,4,1,1,0
73,2,1,1,0
73,4,1,1,0
74,2,1,1,0
74,4,1,1,0
75,2,1,1,0
75,4,1,1,0
76,2,1,1,0
76,4,1,1,0
77,2,1,1,0
77,4,1,1,0
78,2,1,1,0
78,4,1,1,0
79,2,1,1,0
79,4,1,1,0
80,2,1,1,0
80,4,1,1,0
81,2,1,1,0
81,4,1,1,0
82,2,1,1,0
82,4,1,1,0
83,2,1,1,0
83,4,1,1,0
84,2,1,1,0
84,4,1,1,0
85,2,1,1,0
85,4,1,1,0
86,2,1,1,0
86,4,1,1,0
87,2,1,1,0
87,4,1,1,0
88,2,1,1,0
88,4,1,1,0
89,2,1,1,0
89,4,1,1,0
90,2,1,1,0
90,4,1,1,0
91,2,1,1,0
91,4,1,1,0
92,2,1,1,0
92,4,1,1,0
93,2,1,1,0
93,4,1,1,0
94,2,1,1,0
94,4,1,1,0
95,2,1,1,0
95,4,1,1,0
96,2,1,1,0
96,3,1,1,0
96,4,1,1,0
97,2,1,1,0
97,3,1,1,0
97,4,1,1,0
98,2,1,1,0
98,4,1,1,0
99,2,1,1,0
99,4,1,1,0
100,2,1,1,0
100,4,1,1,0
101,2,1,1,0
101,4,1,1,0
102,2,1,1,0
102,4,1,1,0
103,2,1,1,0
103,4,1,1,0
104,1,1,1,0
104,2,1,1,0
104,3,1,1,0
104,4,1,1,0
105,1,1,1,0
105,2,1,1,0
105,3,1,1,0
105,4,1,1,0
106,2,1,1,0
106,4,1,1,0
107,2,1,1,0
107,4,1,1,0
108,2,1,1,0
108,4,1,1,0
109,1,1,1,0
109,2,1,1,0
109,3,1,1,0
109,4,1,1,0
110,2,1,1,0
110,4,1,1,0
111,2,1,1,0
111,4,1,1,0
112,2,1,1,0
112,4,1,1,0
113,2,1,1,0
113,4,1,1,0
114,2,1,1,0
114,4,1,1,0
115,2,1,1,0
115,4,1,1,0
116,2,1,1,0
116,4,1,1,0
117,2,1,1,0
117,4,1,1,0
118,1,1,1,0
118,2,1,1,0
118,3,1,1,0
118,4,1,1,0
119,2,1,1,0
119,4,1,1,0
120,2,1,1,0
120,4,1,1,0
121,1,1,1,0
121,2,1,1,0
121,3,1,1,0
121,4,1,1,0
122,1,1,1,0
122,2,1,1,0
122,3,1,1,0
122,4,1,1,0
123,1,1,1,0
123,2,1,1,0
123,3,1,1,0
123,4,1,1,0
124,2,1,1,0
124,4,1,1,0
125,2,1,1,0
125,4,1,1,0
126,2,1,1,0
126,3,1,1,0
126,4,1,1,0
127,2,1,1,0
127,4,1,1,0
128,2,1,1,0
128,4,1,1,0
129,1,1,1,0
129,2,1,1,0
129,3,1,1,0
129,4,1,1,0
130,2,1,1,0
130,4,1,1,0
131,2,1,1,0
131,4,1,1,0
132,2,1,1,0
132,4,1,1,0
133,2,1,1,0
133,4,1,1,0
134,1,1,1,0
134,2,1,1,0
134,3,1,1,0
134,4,1,1,0
135,2,1,1,0
135,4,1,1,0
136,1,1,1,0
136,2,1,1,0
136,3,1,1,0
136,4,1,1,0
137,2,1,1,0
137,4,1,1,0
138,2,1,1,0
138,4,1,1,0
139,2,1,1,0
139,4,1,1,0
140,2,1,1,0
140,4,1,1,0
141,1,1,1,0
141,2,1,1,0
141,3,1,1,0
141,4,1,1,0
142,2,1,1,0
142,3,1,1,0
142,4,1,1,0
143,2,1,1,0
143,4,1,1,0
144,2,1,1,0
144,4,1,1,0
145,2,1,1,0
145,4,1,1,0
146,2,1,1,0
146,3,1,1,0
146,4,1,1,0
147,2,1,1,0
147,4,1,1,0
148,2,1,1,0
148,4,1,1,0
149,2,1,1,0
149,4,1,1,0
150,2,1,1,0
150,4,1,1,0
151,2,1,1,0
151,3,1,1,0
151,4,1,1,0
152,2,1,1,0
152,4,1,1,0
153,2,1,1,0
153,3,1,1,0
153,4,1,1,0
154,2,1,1,0
154,3,1,1,0
154,4,1,1,0
155,2,1,1,0
155,4,1,1,0
156,2,1,1,0
156,4,1,1,0
157,2,1,1,0
157,4,1,1,0
158,2,1,1,0
158,4,1,1,0
159,2,1,1,0
159,4,1,1,0
160,2,1,1,0
160,4,1,1,0
161,2,1,1,0
161,4,1,1,0
162,2,1,1,0
162,3,1,1,0
162,4,1,1,0
163,2,1,1,0
163,3,1,1,0
163,4,1,1,0
164,2,1,1,0
164,4,1,1,0
165,2,1,1,0
165,4,1,1,0
166,2,1,1,0
166,3,1,1,0
166,4,1,1,0
167,2,1,1,0
167,3,1,1,0
167,4,1,1,0
168,2,1,1,0
168,4,1,1,0
169,2,1,1,0
169,3,1,1,0
169,4,1,1,0
170,2,1,1,0
170,3,1,1,0
170,4,1,1,0
171,2,1,1,0
171,3,1,1,0
171,4,1,1,0
172,2,1,1,0
172,4,1,1,0
173,2,1,1,0
173,3,1,1,0
173,4,1,1,0
174,2,1,1,0
174,3,1,1,0
174,4,1,1,0
175,2,1,1,0
175,4,1,1,0
176,2,1,1,0
176,3,1,1,0
176,4,1,1,0
177,2,1,1,0
177,3,1,1,0
177,4,1,1,0
178,2,1,1,0
178,4,1,1,0
179,2,1,1,0
179,3,1,1,0
179,4,1,1,0
180,2,1,1,0
180,4,1,1,0
181,2,1,1,0
181,4,1,1,0
182,2,1,1,0
182,4,1,1,0
183,2,1,1,0
183,3,1,1,0
183,4,1,1,0
184,2,1,1,0
184,4,1,1,0
185,1,1,1,0
185,2,1,1,0
185,3,1,1,0
185,4,1,1,0
186,2,1,1,0
186,3,1,1,0
186,4,1,1,0
187,2,1,1,0
187,4,1,1,0
188,2,1,1,0
188,3,1,1,0
188,4,1,1,0
189,2,1,1,0
189,4,1,1,0
190,2,1,1,0
190,3,1,1,0
190,4,1,1,0
191,2,1,1,0
191,3,1,1,0
191,4,1,1,0
192,2,1,1,0
192,3,1,1,0
192,4,1,1,0
193,2,1,1,0
193,4,1,1,0
194,1,1,1,0
194,2,1,1,0
194,3,1,1,0
194,4,1,1,0
195,2,1,1,0
195,4,1,1,0
196,1,1,1,0
196,2,1,1,0
196,3,1,1,0
196,4,1,1,0
197,2,1,1,0
197,4,1,1,0
198,1,1,1,0
198,2,1,1,0
198,3,1,1,0
198,4,1,1,0
199,2,1,1,0
199,3,1,1,0
199,4,1,1,0
200,2,1,1,0
200,4,1,1,0
201,2,1,1,0
201,4,1,1,0
202,2,1,1,0
202,4,1,1,0
203,2,1,1,0
203,3,1,1,0
203,4,1,1,0
204,2,1,1,0
204,4,1,1,0
205,2,1,1,0
205,4,1,1,0
206,2,1,1,0
206,4,1,1,0
207,2,1,1,0
207,4,1,1,0
208,2,1,1,0
208,4,1,1,0
209,2,1,1,0
209,4,1,1,0
210,2,1,1,0
210,3,1,1,0
210,4,1,1,0
211,1,1,1,0
211,2,1,1,0
211,3,1,1,0
211,4,1,1,0
212,1,1,1,0
212,2,1,1,0
212,3,1,1,0
212,4,1,1,0
213,2,1,1,0
213,3,1,1,0
213,4,1,1,0
214,2,1,1,0
214,4,1,1,0
215,2,1,1,0
215,3,1,1,0
215,4,1,1,0
216,2,1,1,0
216,3,1,1,0
216,4,1,1,0
217,2,1,1,0
217,4,1,1,0
218,2,1,1,0
218,4,1,1,0
219,2,1,1,0
219,4,1,1,0
220,2,1,1,0
220,3,1,1,0
220,4,1,1,0
221,2,1,1,0
221,4,1,1,0
222,2,1,1,0
222,4,1,1,0
223,2,1,1,0
223,4,1,1,0
224,2,1,1,0
224,3,1,1,0
224,4,1,1,0
225,2,1,1,0
225,4,1,1,0
226,2,1,1,0
226,4,1,1,0
227,2,1,1,0
227,3,1,1,0
227,4,1,1,0
228,2,1,1,0
228,4,1,1,0
229,2,1,1,0
229,3,1,1,0
229,4,1,1,0
230,2,1,1,0
230,3,1,1,0
230,4,1,1,0
231,2,1,1,0
231,3,1,1,0
231,4,1,1,0
232,2,1,1,0
232,3,1,1,0
232,4,1,1,0
233,2,1,1,0
233,4,1,1,0
234,2,1,1,0
234,4,1,1,0
235,2,1,1,0
235,3,1,1,0
235,4,1,1,0
236,2,1,1,0
236,4,1,1,0
237,2,1,1,0
237,4,1,1,0
238,2,1,1,0
238,4,1,1,0
239,2,1,1,0
239,4,1,1,0
240,1,1,1,0
240,2,1,1,0
240,3,1,1,0
240,4,1,1,0
241,1,1,1,0
241,2,1,1,0
241,4,1,1,0
242,2,1,1,0
242,3,1,1,0
242,4,1,1,0
243,2,1,1,0
243,4,1,1,0
244,2,1,1,0
244,4,1,1,0
245,2,1,1,0
245,4,1,1,0
246,2,1,1,0
246,4,1,1,0
247,2,1,1,0
247,3,1,1,0
247,4,1,1,0
248,2,1,1,0
248,3,1,1,0
248,4,1,1,0
249,2,1,1,0
249,3,1,1,0
249,4,1,1,0
250,2,1,1,0
250,3,1,1,0
250,4,1,1,0
251,2,1,1,0
251,4,1,1,0
252,2,1,1,0
252,4,1,1,0
253,2,1,1,0
253,3,1,1,0
253,4,1,1,0
254,2,1,1,0
254,4,1,1,0
255,2,1,1,0
255,3,1,1,0
255,4,1,1,0
256,2,1,1,0
256,4,1,1,0
257,1,1,1,0
257,2,1,1,0
257,3,1,1,0
257,4,1,1,0
258,2,1,1,0
258,4,1,1,0
259,2,1,1,0
259,4,1,1,0
260,2,1,1,0
260,4,1,1,0
261,2,1,1,0
261,4,1,1,0
262,2,1,1,0
262,4,1,1,0
263,2,1,1,0
263,3,1,1,0
263,4,1,1,0
264,2,1,1,0
264,4,1,1,0
265,2,1,1,0
265,4,1,1,0
266,2,1,1,0
266,4,1,1,0
267,2,1,1,0
267,4,1,1,0
268,2,1,1,0
268,4,1,1,0
269,2,1,1,0
269,3,1,1,0
269,4,1,1,0
270,2,1,1,0
270,3,1,1,0
270,4,1,1,0
271,2,1,1,0
271,3,1,1,0
271,4,1,1,0
272,2,1,1,0
272,3,1,1,0
272,4,1,1,0
273,2,1,1,0
273,4,1,1,0
274,2,1,1,0
274,4,1,1,0
275,2,1,1,0
275,4,1,1,0
276,2,1,1,0
276,4,1,1,0
277,2,1,1,0
277,4,1,1,0
278,2,1,1,0
278,3,1,1,0
278,4,1,1,0
279,2,1,1,0
279,3,1,1,0
279,4,1,1,0
280,2,1,1,0
280,3,1,1,0
280,4,1,1,0
281,2,1,1,0
281,3,1,1,0
281,4,1,1,0
282,2,1,1,0
282,3,1,1,0
282,4,1,1,0
283,2,1,1,0
283,3,1,1,0
283,4,1,1,0
284,2,1,1,0
284,4,1,1,0
285,2,1,1,0
285,4,1,1,0
286,2,1,1,0
286,4,1,1,0
287,2,1,1,0
287,4,1,1,0
288,2,1,1,0
288,3,1,1,0
288,4,1,1,0
289,2,1,1,0
289,3,1,1,0
289,4,1,1,0
290,2,1,1,0
290,3,1,1,0
290,4,1,1,0
291,2,1,1,0
291,3,1,1,0
291,4,1,1,0
292,2,1,1,0
292,4,1,1,0
293,2,1,1,0
293,3,1,1,0
293,4,1,1,0
294,2,1,1,0
294,3,1,1,0
294,4,1,1,0
295,2,1,1,0
295,4,1,1,0
296,2,1,1,0
296,4,1,1,0
297,2,1,1,0
297,3,1,1,0
297,4,1,1,0
298,2,1,1,0
298,4,1,1,0
299,2,1,1,0
299,3,1,1,0
299,4,1,1,0
300,2,1,1,0
301,2,1,1,0
301,4,1,1,0
302,2,1,1,0
302,4,1,1,0
303,2,1,1,0
303,4,1,1,0
304,2,1,1,0
304,4,1,1,0
305,2,1,1,0
305,3,1,1,0
305,4,1,1,0
306,2,1,1,0
306,4,1,1,0
307,2,1,1,0
307,3,1,1,0
307,4,1,1,0
308,2,1,1,0
308,3,1,1,0
308,4,1,1,0
309,2,1,1,0
309,4,1,1,0
310,2,1,1,0
310,3,1,1,0
310,4,1,1,0
311,2,1,1,0
311,4,1,1,0
312,2,1,1,0
312,3,1,1,0
312,4,1,1,0
313,2,1,1,0
313,3,1,1,0
313,4,1,1,0
314,2,1,1,0
314,4,1,1,0
315,2,1,1,0
315,3,1,1,0
315,4,1,1,0
316,2,1,1,0
316,4,1,1,0
317,1,1,1,0
317,2,1,1,0
317,4,1,1,0
318,2,1,1,0
318,3,1,1,0
318,4,1,1,0
319,1,1,1,0
319,2,1,1,0
319,3,1,1,0
319,4,1,1,0
320,2,1,1,0
320,3,1,1,0
320,4,1,1,0
321,2,1,1,0
321,3,1,1,0
321,4,1,1,0
322,2,1,1,0
322,3,1,1,0
322,4,1,1,0
323,1,1,1,0
323,2,1,1,0
323,3,1,1,0
323,4,1,1,0
324,2,1,1,0
324,3,1,1,0
324,4,1,1,0
325,2,1,1,0
325,3,1,1,0
325,4,1,1,0
326,2,1,1,0
326,4,1,1,0
327,2,1,1,0
327,3,1,1,0
327,4,1,1,0
328,2,1,1,0
328,3,1,1,0
328,4,1,1,0
329,2,1,1,0
329,3,1,1,0
329,4,1,1,0
330,2,1,1,0
330,3,1,1,0
330,4,1,1,0
331,2,1,1,0
331,3,1,1,0
331,4,1,1,0
332,2,1,1,0
332,3,1,1,0
332,4,1,1,0
333,2,1,1,0
333,3,1,1,0
333,4,1,1,0
334,2,1,1,0
334,4,1,1,0
335,2,1,1,0
335,4,1,1,0
336,2,1,1,0
336,4,1,1,0
337,2,1,1,0
337,3,1,1,0
337,4,1,1,0
338,2,1,1,0
338,3,1,1,0
338,4,1,1,0
339,2,1,1,0
339,3,1,1,0
339,4,1,1,0
340,2,1,1,0
340,3,1,1,0
340,4,1,1,0
341,1,1,1,0
341,2,1,1,0
341,3,1,1,0
341,4,1,1,0
342,2,1,1,0
342,3,1,1,0
342,4,1,1,0
343,2,1,1,0
343,4,1,1,0
344,2,1,1,0
344,4,1,1,0
345,2,1,1,0
345,4,1,1,0
346,2,1,1,0
346,3,1,1,0
346,4,1,1,0
347,2,1,1,0
347,3,1,1,0
347,4,1,1,0
348,2,1,1,0
348,4,1,1,0
349,1,1,1,0
349,2,1,1,0
349,3,1,1,0
349,4,1,1,0
350,2,1,1,0
350,4,1,1,0
351,2,1,1,0
351,4,1,1,0
352,2,1,1,0
352,4,1,1,0
353,2,1,1,0
353,4,1,1,0
354,2,1,1,0
354,3,1,1,0
354,4,1,1,0
355,2,1,1,0
355,4,1,1,0
356,2,1,1,0
356,3,1,1,0
356,4,1,1,0
357,2,1,1,0
357,3,1,1,0
357,4,1,1,0
358,2,1,1,0
358,4,1,1,0
359,2,1,1,0
359,4,1,1,0
360,2,1,1,0
360,3,1,1,0
360,4,1,1,0
361,2,1,1,0
361,3,1,1,0
361,4,1,1,0
362,2,1,1,0
362,4,1,1,0
363,2,1,1,0
363,4,1,1,0
364,1,1,1,0
364,2,1,1,0
364,3,1,1,0
364,4,1,1,0
365,2,1,1,0
365,4,1,1,0
366,2,1,1,0
366,3,1,1,0
366,4,1,1,0
367,2,1,1,0
367,3,1,1,0
367,4,1,1,0
368,2,1,1,0
368,3,1,1,0
368,4,1,1,0
369,2,1,1,0
369,3,1,1,0
369,4,1,1,0
370,2,1,1,0
370,3,1,1,0
370,4,1,1,0
371,2,1,1,0
371,3,1,1,0
371,4,1,1,0
372,2,1,1,0
372,3,1,1,0
372,4,1,1,0
373,2,1,1,0
373,3,1,1,0
373,4,1,1,0
374,2,1,1,0
374,4,1,1,0
375,2,1,1,0
375,4,1,1,0
376,2,1,1,0
376,3,1,1,0
376,4,1,1,0
377,2,1,1,0
377,4,1,1,0
378,2,1,1,0
378,3,1,1,0
378,4,1,1,0
379,2,1,1,0
379,4,1,1,0
380,2,1,1,0
380,4,1,1,0
381,2,1,1,0
381,4,1,1,0
382,2,1,1,0
382,3,1,1,0
382,4,1,1,0
383,2,1,1,0
383,4,1,1,0
384,1,1,1,0
384,2,1,1,0
384,3,1,1,0
384,4,1,1,0
385,2,1,1,0
385,3,1,1,0
385,4,1,1,0
386,2,1,1,0
386,3,1,1,0
386,4,1,1,0
387,2,1,1,0
387,4,1,1,0
388,2,1,1,0
388,4,1,1,0
389,2,1,1,0
389,4,1,1,0
390,2,1,1,0
390,4,1,1,0
391,2,1,1,0
391,4,1,1,0
392,1,1,1,0
392,2,1,1,0
392,3,1,1,0
392,4,1,1,0
393,1,1,1,0
393,2,1,1,0
393,3,1,1,0
393,4,1,1,0
394,1,1,1,0
394,2,1,1,0
394,3,1,1,0
394,4,1,1,0
395,2,1,1,0
395,3,1,1,0
395,4,1,1,0
396,2,1,1,0
396,3,1,1,0
396,4,1,1,0
397,2,1,1,0
397,3,1,1,0
397,4,1,1,0
398,2,1,1,0
398,3,1,1,0
398,4,1,1,0
399,2,1,1,0
399,3,1,1,0
399,4,1,1,0
400,2,1,1,0
400,3,1,1,0
400,4,1,1,0
401,2,1,1,0
401,3,1,1,0
401,4,1,1,0
402,2,1,1,0
402,3,1,1,0
402,4,1,1,0
403,2,1,1,0
403,4,1,1,0
404,2,1,1,0
404,3,1,1,0
404,4,1,1,0
405,2,1,1,0
405,4,1,1,0
406,2,1,1,0
406,3,1,1,0
406,4,1,1,0
407,2,1,1,0
407,4,1,1,0
408,2,1,1,0
408,3,1,1,0
408,4,1,1,0
409,2,1,1,0
409,3,1,1,0
409,4,1,1,0
410,2,1,1,0
410,3,1,1,0
410,4,1,1,0
411,2,1,1,0
411,3,1,1,0
411,4,1,1,0
412,2,1,1,0
412,4,1,1,0
413,2,1,1,0
413,3,1,1,0
413,4,1,1,0
414,1,1,1,0
414,2,1,1,0
414,3,1,1,0
414,4,1,1,0
415,2,1,1,0
415,3,1,1,0
415,4,1,1,0
416,2,1,1,0
416,4,1,1,0
417,2,1,1,0
417,4,1,1,0
418,2,1,1,0
418,4,1,1,0
419,2,1,1,0
419,4,1,1,0
420,2,1,1,0
420,3,1,1,0
420,4,1,1,0
421,1,1,1,0
421,2,1,1,0
421,3,1,1,0
421,4,1,1,0
422,2,1,1,0
422,3,1,1,0
422,4,1,1,0
423,2,1,1,0
423,3,1,1,0
423,4,1,1,0
424,2,1,1,0
424,3,1,1,0
424,4,1,1,0
425,2,1,1,0
425,3,1,1,0
425,4,1,1,0
426,2,1,1,0
426,3,1,1,0
426,4,1,1,0
427,2,1,1,0
427,4,1,1,0
428,2,1,1,0
428,3,1,1,0
428,4,1,1,0
429,2,1,1,0
429,3,1,1,0
429,4,1,1,0
430,2,1,1,0
430,3,1,1,0
430,4,1,1,0
431,2,1,1,0
431,3,1,1,0
431,4,1,1,0
432,2,1,1,0
432,3,1,1,0
432,4,1,1,0
433,2,1,1,0
433,3,1,1,0
433,4,1,1,0
434,2,1,1,0
434,4,1,1,0
435,2,1,1,0
435,3,1,1,0
435,4,1,1,0
436,2,1,1,0
436,3,1,1,0
436,4,1,1,0
437,2,1,1,0
437,3,1,1,0
437,4,1,1,0
438,2,1,1,0
438,4,1,1,0
439,2,1,1,0
439,3,1,1,0
439,4,1,1,0
440,1,1,1,0
440,2,1,1,0
440,4,1,1,0
441,2,1,1,0
441,3,1,1,0
441,4,1,1,0
442,2,1,1,0
442,3,1,1,0
442,4,1,1,0
443,2,1,1,0
443,4,1,1,0
444,2,1,1,0
444,3,1,1,0
444,4,1,1,0
445,2,1,1,0
445,3,1,1,0
445,4,1,1,0
446,2,1,1,0
446,4,1,1,0
447,2,1,1,0
447,3,1,1,0
447,4,1,1,0
448,2,1,1,0
448,4,1,1,0
449,2,1,1,0
449,3,1,1,0
449,4,1,1,0
450,2,1,1,0
450,3,1,1,0
450,4,1,1,0
451,2,1,1,0
451,4,1,1,0
452,2,1,1,0
452,4,1,1,0
453,2,1,1,0
453,3,1,1,0
453,4,1,1,0
454,2,1,1,0
454,3,1,1,0
454,4,1,1,0
455,2,1,1,0
455,3,1,1,0
455,4,1,1,0
456,1,1,1,0
456,2,1,1,0
456,3,1,1,0
456,4,1,1,0
457,1,1,1,0
457,2,1,1,0
457,4,1,1,0
458,2,1,1,0
458,3,1,1,0
458,4,1,1,0
459,2,1,1,0
459,3,1,1,0
459,4,1,1,0
460,2,1,1,0
460,3,1,1,0
460,4,1,1,0
461,2,1,1,0
461,3,1,1,0
461,4,1,1,0
462,2,1,1,0
462,4,1,1,0
463,2,1,1,0
463,3,1,1,0
463,4,1,1,0
464,2,1,1,0
464,4,1,1,0
465,2,1,1,0
465,3,1,1,0
465,4,1,1,0
466,1,1,1,0
466,2,1,1,0
466,3,1,1,0
466,4,1,1,0
467,2,1,1,0
467,4,1,1,0
468,2,1,1,0
468,3,1,1,0
468,4,1,1,0
469,2,1,1,0
469,3,1,1,0
469,4,1,1,0
470,2,1,1,0
470,4,1,1,0
471,2,1,1,0
471,4,1,1,0
472,2,1,1,0
472,4,1,1,0
473,2,1,1,0
473,3,1,1,0
473,4,1,1,0
474,2,1,1,0
474,4,1,1,0
475,2,1,1,0
475,4,1,1,0
476,2,1,1,0
476,3,1,1,0
476,4,1,1,0
477,2,1,1,0
477,4,1,1,0
478,2,1,1,0
478,4,1,1,0
479,1,1,1,0
479,2,1,1,0
479,3,1,1,0
479,4,1,1,0
480,2,1,1,0
480,4,1,1,0
481,2,1,1,0
481,3,1,1,0
481,4,1,1,0
482,1,1,1,0
482,2,1,1,0
482,3,1,1,0
482,4,1,1,0
483,2,1,1,0
483,4,1,1,0
484,2,1,1,0
484,3,1,1,0
484,4,1,1,0
485,2,1,1,0
485,3,1,1,0
485,4,1,1,0
486,2,1,1,0
486,3,1,1,0
486,4,1,1,0
487,2,1,1,0
487,4,1,1,0
488,2,1,1,0
488,3,1,1,0
488,4,1,1,0
489,2,1,1,0
489,3,1,1,0
489,4,1,1,0
490,2,1,1,0
490,3,1,1,0
490,4,1,1,0
491,2,1,1,0
491,4,1,1,0
492,2,1,1,0
492,4,1,1,0
493,2,1,1,0
493,4,1,1,0
494,2,1,1,0
494,4,1,1,0
495,1,1,1,0
495,2,1,1,0
495,3,1,1,0
495,4,1,1,0
496,2,1,1,0
496,3,1,1,0
496,4,1,1,0
497,2,1,1,0
497,3,1,1,0
497,4,1,1,0
498,2,1,1,0
498,3,1,1,0
498,4,1,1,0
499,2,1,1,0
499,3,1,1,0
499,4,1,1,0
500,2,1,1,0
500,4,1,1,0
501,2,1,1,0
501,3,1,1,0
501,4,1,1,0
502,2,1,1,0
502,4,1,1,0
503,2,1,1,0
503,3,1,1,0
503,4,1,1,0
504,2,1,1,0
504,4,1,1,0
505,2,1,1,0
505,3,1,1,0
505,4,1,1,0
506,2,1,1,0
506,4,1,1,0
507,2,1,1,0
507,4,1,1,0
508,2,1,1,0
508,3,1,1,0
508,4,1,1,0
509,2,1,1,0
509,3,1,1,0
509,4,1,1,0
510,2,1,1,0
510,3,1,1,0
510,4,1,1,0
511,2,1,1,0
511,4,1,1,0
512,2,1,1,0
512,4,1,1,0
513,2,1,1,0
513,4,1,1,0
514,1,1,1,0
514,2,1,1,0
514,3,1,1,0
514,4,1,1,0
515,2,1,1,0
515,3,1,1,0
515,4,1,1,0
516,2,1,1,0
516,3,1,1,0
516,4,1,1,0
517,2,1,1,0
517,3,1,1,0
517,4,1,1,0
518,2,1,1,0
518,4,1,1,0
519,2,1,1,0
519,3,1,1,0
519,4,1,1,0
520,2,1,1,0
520,4,1,1,0
521,2,1,1,0
521,4,1,1,0
522,2,1,1,0
522,4,1,1,0
523,2,1,1,0
523,4,1,1,0
524,2,1,1,0
524,4,1,1,0
525,2,1,1,0
525,3,1,1,0
525,4,1,1,0
526,2,1,1,0
526,3,1,1,0
526,4,1,1,0
527,2,1,1,0
527,3,1,1,0
527,4,1,1,0
528,2,1,1,0
528,4,1,1,0
529,2,1,1,0
529,3,1,1,0
529,4,1,1,0
530,2,1,1,0
530,3,1,1,0
530,4,1,1,0
531,2,1,1,0
531,3,1,1,0
531,4,1,1,0
532,2,1,1,0
532,4,1,1,0
533,2,1,1,0
533,4,1,1,0
534,2,1,1,0
534,4,1,1,0
535,2,1,1,0
535,4,1,1,0
536,2,1,1,0
536,4,1,1,0
537,2,1,1,0
537,4,1,1,0
538,2,1,1,0
538,4,1,1,0
539,2,1,1,0
539,4,1,1,0
540,2,1,1,0
540,3,1,1,0
540,4,1,1,0
541,2,1,1,0
541,3,1,1,0
541,4,1,1,0
542,2,1,1,0
542,3,1,1,0
542,4,1,1,0
543,2,1,1,0
543,3,1,1,0
543,4,1,1,0
544,2,1,1,0
544,3,1,1,0
544,4,1,1,0
545,2,1,1,0
545,4,1,1,0
546,2,1,1,0
546,4,1,1,0
547,2,1,1,0
547,4,1,1,0
548,2,1,1,0
548,4,1,1,0
549,2,1,1,0
549,4,1,1,0
550,2,1,1,0
550,4,1,1,0
551,2,1,1,0
551,4,1,1,0
552,2,1,1,0
552,4,1,1,0
553,2,1,1,0
553,3,1,1,0
553,4,1,1,0
554,2,1,1,0
554,4,1,1,0
555,2,1,1,0
555,3,1,1,0
555,4,1,1,0
556,2,1,1,0
556,4,1,1,0
557,2,1,1,0
557,3,1,1,0
557,4,1,1,0
558,1,1,1,0
558,2,1,1,0
558,3,1,1,0
558,4,1,1,0
559,2,1,1,0
559,3,1,1,0
559,4,1,1,0
560,2,1,1,0
560,4,1,1,0
561,2,1,1,0
561,4,1,1,0
562,2,1,1,0
562,3,1,1,0
562,4,1,1,0
563,2,1,1,0
563,4,1,1,0
564,2,1,1,0
564,4,1,1,0
565,2,1,1,0
565,4,1,1,0
566,2,1,1,0
566,4,1,1,0
567,2,1,1,0
567,4,1,1,0
568,1,1,1,0
568,2,1,1,0
568,3,1,1,0
568,4,1,1,0
569,2,1,1,0
569,3,1,1,0
569,4,1,1,0
570,1,1,1,0
570,2,1,1,0
570,3,1,1,0
570,4,1,1,0
571,2,1,1,0
571,3,1,1,0
571,4,1,1,0
572,2,1,1,0
572,4,1,1,0
573,2,1,1,0
573,4,1,1,0
574,2,1,1,0
574,4,1,1,0
575,1,1,1,0
575,2,1,1,0
575,3,1,1,0
575,4,1,1,0
576,2,1,1,0
576,3,1,1,0
576,4,1,1,0
577,2,1,1,0
577,4,1,1,0
578,2,1,1,0
578,4,1,1,0
579,2,1,1,0
579,4,1,1,0
580,2,1,1,0
580,4,1,1,0
581,2,1,1,0
581,3,1,1,0
581,4,1,1,0
582,2,1,1,0
582,4,1,1,0
583,2,1,1,0
583,4,1,1,0
584,2,1,1,0
584,4,1,1,0
585,2,1,1,0
585,4,1,1,0
586,2,1,1,0
586,4,1,1,0
587,1,1,1,0
587,2,1,1,0
587,3,1,1,0
587,4,1,1,0
588,2,1,1,0
588,4,1,1,0
589,2,1,1,0
589,4,1,1,0
590,2,1,1,0
590,4,1,1,0
591,2,1,1,0
591,3,1,1,0
591,4,1,1,0
592,2,1,1,0
592,4,1,1,0
593,2,1,1,0
593,3,1,1,0
593,4,1,1,0
594,2,1,1,0
594,4,1,1,0
595,1,1,1,0
595,2,1,1,0
595,3,1,1,0
595,4,1,1,0
596,2,1,1,0
596,3,1,1,0
596,4,1,1,0
597,2,1,1,0
597,3,1,1,0
597,4,1,1,0
598,2,1,1,0
598,4,1,1,0
599,2,1,1,0
599,4,1,1,0
600,2,1,1,0
600,4,1,1,0
601,2,1,1,0
601,4,1,1,0
602,2,1,1,0
602,4,1,1,0
603,2,1,1,0
603,4,1,1,0
604,2,1,1,0
604,4,1,1,0
605,2,1,1,0
605,4,1,1,0
606,2,1,1,0
606,4,1,1,0
607,2,1,1,0
607,4,1,1,0
608,2,1,1,0
608,4,1,1,0
609,2,1,1,0
609,4,1,1,0
610,1,1,1,0
610,2,1,1,0
610,3,1,1,0
610,4,1,1,0
611,2,1,1,0
611,3,1,1,0
611,4,1,1,0
612,2,1,1,0
612,4,1,1,0
613,1,1,1,0
613,2,1,1,0
613,3,1,1,0
613,4,1,1,0
614,2,1,1,0
614,4,1,1,0
615,2,1,1,0
615,3,1,1,0
615,4,1,1,0
616,2,1,1,0
616,4,1,1,0
617,2,1,1,0
617,4,1,1,0
618,2,1,1,0
618,4,1,1,0
619,2,1,1,0
619,4,1,1,0
620,2,1,1,0
620,4,1,1,0
621,2,1,1,0
621,4,1,1,0
622,2,1,1,0
622,4,1,1,0
623,2,1,1,0
623,4,1,1,0
624,2,1,1,0
624,4,1,1,0
625,2,1,1,0
625,4,1,1,0
626,2,1,1,0
626,4,1,1,0
627,2,1,1,0
627,4,1,1,0
628,2,1,1,0
628,4,1,1,0
629,1,1,1,0
629,2,1,1,0
629,3,1,1,0
629,4,1,1,0
630,2,1,1,0
630,3,1,1,0
630,4,1,1,0
631,2,1,1,0
631,4,1,1,0
632,2,1,1,0
632,3,1,1,0
632,4,1,1,0
633,2,1,1,0
633,4,1,1,0
634,2,1,1,0
634,3,1,1,0
634,4,1,1,0
635,2,1,1,0
635,4,1,1,0
636,2,1,1,0
636,4,1,1,0
637,2,1,1,0
637,4,1,1,0
638,1,1,1,0
638,2,1,1,0
638,3,1,1,0
638,4,1,1,0
639,2,1,1,0
639,4,1,1,0
640,1,1,1,0
640,2,1,1,0
640,3,1,1,0
640,4,1,1,0
641,2,1,1,0
641,4,1,1,0
642,2,1,1,0
642,4,1,1,0
643,2,1,1,0
643,4,1,1,0
644,2,1,1,0
644,3,1,1,0
644,4,1,1,0
645,2,1,1,0
645,4,1,1,0
646,2,1,1,0
646,4,1,1,0
647,1,1,1,0
647,2,1,1,0
647,3,1,1,0
647,4,1,1,0
648,2,1,1,0
648,4,1,1,0
649,1,1,1,0
649,2,1,1,0
649,3,1,1,0
649,4,1,1,0
650,2,1,1,0
650,3,1,1,0
650,4,1,1,0
651,2,1,1,0
651,4,1,1,0
652,1,1,1,0
652,2,1,1,0
652,4,1,1,0
653,2,1,1,0
653,3,1,1,0
653,4,1,1,0
654,2,1,1,0
654,4,1,1,0
655,2,1,1,0
655,4,1,1,0
656,2,1,1,0
656,4,1,1,0
657,2,1,1,0
657,4,1,1,0
658,2,1,1,0
658,4,1,1,0
659,2,1,1,0
659,4,1,1,0
660,1,1,1,0
660,2,1,1,0
660,3,1,1,0
660,4,1,1,0
661,2,1,1,0
661,4,1,1,0
662,2,1,1,0
662,4,1,1,0
663,2,1,1,0
663,4,1,1,0
664,2,1,1,0
664,4,1,1,0
665,2,1,1,0
665,4,1,1,0
666,2,1,1,0
666,4,1,1,0
667,1,1,1,0
667,2,1,1,0
667,3,1,1,0
667,4,1,1,0
668,2,1,1,0
668,4,1,1,0
669,2,1,1,0
669,3,1,1,0
669,4,1,1,0
670,1,1,1,0
670,2,1,1,0
670,3,1,1,0
670,4,1,1,0
671,2,1,1,0
671,4,1,1,0
672,2,1,1,0
672,3,1,1,0
672,4,1,1,0
673,2,1,1,0
673,3,1,1,0
673,4,1,1,0
674,2,1,1,0
674,3,1,1,0
674,4,1,1,0
675,2,1,1,0
675,4,1,1,0
676,2,1,1,0
676,4,1,1,0
677,1,1,1,0
677,2,1,1,0
677,3,1,1,0
677,4,1,1,0
678,2,1,1,0
678,4,1,1,0
679,1,1,1,0
679,2,1,1,0
679,3,1,1,0
679,4,1,1,0
680,2,1,1,0
680,3,1,1,0
680,4,1,1,0
681,2,1,1,0
681,4,1,1,0
682,2,1,1,0
682,3,1,1,0
682,4,1,1,0
683,2,1,1,0
683,3,1,1,0
683,4,1,1,0
684,2,1,1,0
684,4,1,1,0
685,2,1,1,0
685,3,1,1,0
685,4,1,1,0
686,2,1,1,0
686,4,1,1,0
687,2,1,1,0
687,3,1,1,0
687,4,1,1,0
688,2,1,1,0
688,4,1,1,0
689,2,1,1,0
689,3,1,1,0
689,4,1,1,0
690,2,1,1,0
690,3,1,1,0
690,4,1,1,0
691,2,1,1,0
691,4,1,1,0
692,2,1,1,0
692,4,1,1,0
693,2,1,1,0
693,3,1,1,0
693,4,1,1,0
694,2,1,1,0
694,3,1,1,0
694,4,1,1,0
695,2,1,1,0
695,3,1,1,0
695,4,1,1,0
696,2,1,1,0
696,3,1,1,0
696,4,1,1,0
697,2,1,1,0
697,3,1,1,0
697,4,1,1,0
698,2,1,1,0
698,4,1,1,0
699,2,1,1,0
699,4,1,1,0
700,2,1,1,0
700,3,1,1,0
700,4,1,1,0
701,2,1,1,0
701,4,1,1,0
702,2,1,1,0
702,4,1,1,0
703,1,1,1,0
703,2,1,1,0
703,4,1,1,0
704,2,1,1,0
704,3,1,1,0
704,4,1,1,0
705,1,1,1,0
705,2,1,1,0
705,3,1,1,0
705,4,1,1,0
706,2,1,1,0
706,3,1,1,0
706,4,1,1,0
707,2,1,1,0
707,3,1,1,0
707,4,1,1,0
708,2,1,1,0
708,3,1,1,0
708,4,1,1,0
709,2,1,1,0
709,4,1,1,0
710,2,1,1,0
710,4,1,1,0
711,1,1,1,0
711,2,1,1,0
711,3,1,1,0
711,4,1,1,0
712,2,1,1,0
712,3,1,1,0
712,4,1,1,0
713,2,1,1,0
713,3,1,1,0
713,4,1,1,0
714,2,1,1,0
714,3,1,1,0
714,4,1,1,0
715,2,1,1,0
715,3,1,1,0
715,4,1,1,0
716,2,1,1,0
716,4,1,1,0
717,1,1,1,0
717,2,1,1,0
717,3,1,1,0
717,4,1,1,0
718,2,1,1,0
718,3,1,1,0
718,4,1,1,0
719,2,1,1,0
719,4,1,1,0
720,2,1,1,0
720,4,1,1,0
721,2,1,1,0
721,3,1,1,0
721,4,1,1,0
722,2,1,1,0
722,3,1,1,0
722,4,1,1,0
723,2,1,1,0
723,3,1,1,0
723,4,1,1,0
724,2,1,1,0
724,3,1,1,0
724,4,1,1,0
725,2,1,1,0
725,3,1,1,0
725,4,1,1,0
726,2,1,1,0
726,4,1,1,0
727,2,1,1,0
727,3,1,1,0
727,4,1,1,0
728,2,1,1,0
728,4,1,1,0
729,2,1,1,0
729,3,1,1,0
729,4,1,1,0
730,2,1,1,0
730,4,1,1,0
731,2,1,1,0
731,3,1,1,0
731,4,1,1,0
732,2,1,1,0
732,3,1,1,0
732,4,1,1,0
733,2,1,1,0
733,4,1,1,0
734,2,1,1,0
734,3,1,1,0
734,4,1,1,0
735,2,1,1,0
735,3,1,1,0
735,4,1,1,0
736,2,1,1,0
736,3,1,1,0
736,4,1,1,0
737,2,1,1,0
737,4,1,1,0
738,2,1,1,0
738,3,1,1,0
738,4,1,1,0
739,2,1,1,0
739,4,1,1,0
740,2,1,1,0
740,4,1,1,0
741,2,1,1,0
741,3,1,1,0
741,4,1,1,0
742,2,1,1,0
742,4,1,1,0
743,2,1,1,0
743,3,1,1,0
743,4,1,1,0
744,2,1,1,0
744,3,1,1,0
744,4,1,1,0
745,2,1,1,0
745,3,1,1,0
745,4,1,1,0
746,1,1,1,0
746,2,1,1,0
746,4,1,1,0
747,2,1,1,0
747,3,1,1,0
747,4,1,1,0
748,2,1,1,0
748,4,1,1,0
749,2,1,1,0
749,4,1,1,0
750,2,1,1,0
750,3,1,1,0
750,4,1,1,0
751,2,1,1,0
751,4,1,1,0
752,2,1,1,0
752,3,1,1,0
752,4,1,1,0
753,2,1,1,0
753,4,1,1,0
754,2,1,1,0
754,3,1,1,0
754,4,1,1,0
755,2,1,1,0
755,3,1,1,0
755,4,1,1,0
756,2,1,1,0
756,4,1,1,0
757,2,1,1,0
757,3,1,1,0
757,4,1,1,0
758,2,1,1,0
758,3,1,1,0
758,4,1,1,0
759,2,1,1,0
759,4,1,1,0
760,2,1,1,0
760,3,1,1,0
760,4,1,1,0
761,2,1,1,0
761,3,1,1,0
761,4,1,1,0
762,2,1,1,0
762,4,1,1,0
763,2,1,1,0
763,4,1,1,0
764,2,1,1,0
764,3,1,1,0
764,4,1,1,0
765,2,1,1,0
765,3,1,1,0
765,4,1,1,0
766,2,1,1,0
766,3,1,1,0
766,4,1,1,0
767,2,1,1,0
767,3,1,1,0
767,4,1,1,0
768,2,1,1,0
768,3,1,1,0
768,4,1,1,0
769,2,1,1,0
769,4,1,1,0
770,2,1,1,0
770,3,1,1,0
770,4,1,1,0
771,2,1,1,0
771,4,1,1,0
772,1,1,1,0
772,2,1,1,0
772,4,1,1,0
773,2,1,1,0
773,3,1,1,0
773,4,1,1,0
774,2,1,1,0
774,4,1,1,0
775,2,1,1,0
775,3,1,1,0
775,4,1,1,0
776,2,1,1,0
776,4,1,1,0
777,2,1,1,0
777,3,1,1,0
777,4,1,1,0
778,2,1,1,0
778,3,1,1,0
778,4,1,1,0
779,2,1,1,0
779,3,1,1,0
779,4,1,1,0
780,2,1,1,0
780,4,1,1,0
781,2,1,1,0
781,3,1,1,0
781,4,1,1,0
782,2,1,1,0
782,4,1,1,0
783,2,1,1,0
783,4,1,1,0
784,2,1,1,0
784,3,1,1,0
784,4,1,1,0
785,2,1,1,0
785,4,1,1,0
786,2,1,1,0
786,4,1,1,0
787,2,1,1,0
787,4,1,1,0
788,2,1,1,0
788,3,1,1,0
788,4,1,1,0
789,2,1,1,0
789,3,1,1,0
789,4,1,1,0
790,2,1,1,0
790,3,1,1,0
790,4,1,1,0
791,2,1,1,0
791,3,1,1,0
791,4,1,1,0
792,2,1,1,0
792,3,1,1,0
792,4,1,1,0
793,2,1,1,0
793,3,1,1,0
793,4,1,1,0
794,2,1,1,0
794,3,1,1,0
794,4,1,1,0
795,2,1,1,0
795,3,1,1,0
795,4,1,1,0
796,2,1,1,0
796,3,1,1,0
796,4,1,1,0
797,2,1,1,0
797,3,1,1,0
797,4,1,1,0
798,2,1,1,0
798,4,1,1,0
799,2,1,1,0
799,4,1,1,0
800,2,1,1,0
800,3,1,1,0
800,4,1,1,0
801,2,1,1,0
801,3,1,1,0
801,4,1,1,0
802,2,1,1,0
802,4,1,1,0
803,2,1,1,0
803,4,1,1,0
804,2,1,1,0
804,4,1,1,0
805,2,1,1,0
805,3,1,1,0
805,4,1,1,0
806,2,1,1,0
806,4,1,1,0
807,2,1,1,0
807,4,1,1,0
808,2,1,1,0
808,4,1,1,0
809,2,1,1,0
809,3,1,1,0
809,4,1,1,0
810,1,1,1,0
810,2,1,1,0
810,4,1,1,0
811,2,1,1,0
811,3,1,1,0
811,4,1,1,0
812,2,1,1,0
812,3,1,1,0
812,4,1,1,0
813,2,1,1,0
813,4,1,1,0
814,2,1,1,0
814,4,1,1,0
815,2,1,1,0
815,4,1,1,0
816,2,1,1,0
816,3,1,1,0
816,4,1,1,0
817,2,1,1,0
817,4,1,1,0
818,2,1,1,0
818,3,1,1,0
818,4,1,1,0
819,2,1,1,0
819,3,1,1,0
819,4,1,1,0
820,2,1,1,0
820,4,1,1,0
821,2,1,1,0
821,4,1,1,0
822,2,1,1,0
822,3,1,1,0
822,4,1,1,0
823,2,1,1,0
823,3,1,1,0
823,4,1,1,0
824,2,1,1,0
824,4,1,1,0
825,2,1,1,0
825,3,1,1,0
825,4,1,1,0
826,2,1,1,0
826,3,1,1,0
826,4,1,1,0
827,2,1,1,0
827,4,1,1,0
828,2,1,1,0
828,3,1,1,0
828,4,1,1,0
829,2,1,1,0
829,3,1,1,0
829,4,1,1,0
830,2,1,1,0
830,3,1,1,0
830,4,1,1,0
831,2,1,1,0
831,4,1,1,0
832,2,1,1,0
832,3,1,1,0
832,4,1,1,0
833,2,1,1,0
833,3,1,1,0
833,4,1,1,0
834,2,1,1,0
834,4,1,1,0
835,2,1,1,0
835,4,1,1,0
836,2,1,1,0
836,4,1,1,0
837,2,1,1,0
837,3,1,1,0
837,4,1,1,0
838,2,1,1,0
838,3,1,1,0
838,4,1,1,0
839,2,1,1,0
839,3,1,1,0
839,4,1,1,0
840,2,1,1,0
840,3,1,1,0
840,4,1,1,0
841,2,1,1,0
841,4,1,1,0
842,2,1,1,0
842,4,1,1,0
843,2,1,1,0
843,4,1,1,0
844,2,1,1,0
844,4,1,1,0
845,2,1,1,0
845,3,1,1,0
845,4,1,1,0
846,2,1,1,0
846,4,1,1,0
847,2,1,1,0
847,3,1,1,0
847,4,1,1,0
848,2,1,1,0
848,3,1,1,0
848,4,1,1,0
849,2,1,1,0
849,4,1,1,0
850,2,1,1,0
850,3,1,1,0
850,4,1,1,0
851,2,1,1,0
851,4,1,1,0
852,2,1,1,0
852,3,1,1,0
852,4,1,1,0
853,2,1,1,0
853,3,1,1,0
853,4,1,1,0
854,2,1,1,0
854,3,1,1,0
854,4,1,1,0
855,1,1,1,0
855,2,1,1,0
855,4,1,1,0
856,2,1,1,0
856,3,1,1,0
856,4,1,1,0
857,2,1,1,0
857,3,1,1,0
857,4,1,1,0
858,1,1,1,0
858,2,1,1,0
858,4,1,1,0
859,2,1,1,0
859,3,1,1,0
859,4,1,1,0
860,2,1,1,0
860,3,1,1,0
860,4,1,1,0
861,2,1,1,0
861,3,1,1,0
861,4,1,1,0
862,2,1,1,0
862,4,1,1,0
863,2,1,1,0
863,4,1,1,0
864,2,1,1,0
864,3,1,1,0
864,4,1,1,0
865,2,1,1,0
865,3,1,1,0
865,4,1,1,0
866,2,1,1,0
866,3,1,1,0
866,4,1,1,0
867,2,1,1,0
867,3,1,1,0
867,4,1,1,0
868,2,1,1,0
868,3,1,1,0
868,4,1,1,0
869,2,1,1,0
869,4,1,1,0
870,2,1,1,0
870,4,1,1,0
871,2,1,1,0
871,4,1,1,0
872,2,1,1,0
872,4,1,1,0
873,2,1,1,0
873,3,1,1,0
873,4,1,1,0
874,2,1,1,0
874,4,1,1,0
875,2,1,1,0
875,3,1,1,0
875,4,1,1,0
876,1,1,1,0
876,2,1,1,0
876,4,1,1,0
877,2,1,1,0
877,3,1,1,0
877,4,1,1,0
878,2,1,1,0
878,3,1,1,0
878,4,1,1,0
879,1,1,1,0
879,2,1,1,0
879,4,1,1,0
880,1,1,1,0
880,2,1,1,0
880,4,1,1,0
881,2,1,1,0
881,3,1,1,0
881,4,1,1,0
882,2,1,1,0
882,3,1,1,0
882,4,1,1,0
883,2,1,1,0
883,3,1,1,0
883,4,1,1,0
884,2,1,1,0
884,3,1,1,0
884,4,1,1,0
885,2,1,1,0
885,4,1,1,0
886,2,1,1,0
886,3,1,1,0
886,4,1,1,0
887,1,1,1,0
887,2,1,1,0
887,4,1,1,0
888,2,1,1,0
888,3,1,1,0
888,4,1,1,0
889,2,1,1,0
889,3,1,1,0
889,4,1,1,0
890,1,1,1,0
890,2,1,1,0
890,4,1,1,0
891,2,1,1,0
891,3,1,1,0
891,4,1,1,0
892,2,1,1,0
892,3,1,1,0
892,4,1,1,0
893,2,1,1,0
893,3,1,1,0
893,4,1,1,0
894,2,1,1,0
894,4,1,1,0
895,2,1,1,0
895,4,1,1,0
896,2,1,1,0
896,3,1,1,0
896,4,1,1,0
897,2,1,1,0
897,4,1,1,0
898,2,1,1,0
898,3,1,1,0
898,4,1,1,0
899,2,1,1,0
899,3,1,1,0
899,4,1,1,0
900,2,1,1,0
900,4,1,1,0
901,2,1,1,0
901,3,1,1,0
901,4,1,1,0
902,2,1,1,0
902,3,1,1,0
902,4,1,1,0
903,2,1,1,0
903,4,1,1,0
904,2,1,1,0
904,4,1,1,0
905,2,1,1,0
905,3,1,1,0
905,4,1,1,0
906,2,1,1,0
906,4,1,1,0
907,2,1,1,0
907,4,1,1,0
908,2,1,1,0
908,4,1,1,0
909,2,1,1,0
909,4,1,1,0
910,1,1,1,0
910,2,1,1,0
910,4,1,1,0
911,2,1,1,0
911,3,1,1,0
911,4,1,1,0
912,2,1,1,0
912,3,1,1,0
912,4,1,1,0
913,2,1,1,0
913,3,1,1,0
913,4,1,1,0
914,2,1,1,0
914,4,1,1,0
915,2,1,1,0
915,3,1,1,0
915,4,1,1,0
916,2,1,1,0
916,4,1,1,0
917,2,1,1,0
917,4,1,1,0
918,2,1,1,0
918,4,1,1,0
919,2,1,1,0
919,3,1,1,0
919,4,1,1,0
920,2,1,1,0
920,3,1,1,0
920,4,1,1,0
921,2,1,1,0
921,3,1,1,0
921,4,1,1,0
922,2,1,1,0
922,3,1,1,0
922,4,1,1,0
923,2,1,1,0
923,4,1,1,0
924,2,1,1,0
924,4,1,1,0
925,2,1,1,0
925,4,1,1,0
926,2,1,1,0
926,3,1,1,0
926,4,1,1,0
927,2,1,1,0
927,3,1,1,0
927,4,1,1,0
928,2,1,1,0
928,3,1,1,0
928,4,1,1,0
929,2,1,1,0
929,3,1,1,0
929,4,1,1,0
930,2,1,1,0
930,4,1,1,0
931,2,1,1,0
931,3,1,1,0
931,4,1,1,0
932,2,1,1,0
932,4,1,1,0
933,2,1,1,0
933,3,1,1,0
933,4,1,1,0
934,1,1,1,0
934,2,1,1,0
934,4,1,1,0
935,2,1,1,0
935,4,1,1,0
936,2,1,1,0
936,4,1,1,0
937,2,1,1,0
937,3,1,1,0
937,4,1,1,0
938,2,1,1,0
938,4,1,1,0
939,2,1,1,0
939,4,1,1,0
940,2,1,1,0
940,3,1,1,0
940,4,1,1,0
941,2,1,1,0
941,3,1,1,0
941,4,1,1,0
942,2,1,1,0
942,4,1,1,0
943,2,1,1,0
943,3,1,1,0
943,4,1,1,0
944,2,1,1,0
944,4,1,1,0
945,2,1,1,0
945,4,1,1,0
946,2,1,1,0
946,3,1,1,0
946,4,1,1,0
947,2,1,1,0
947,3,1,1,0
947,4,1,1,0
948,2,1,1,0
948,4,1,1,0
949,2,1,1,0
949,3,1,1,0
949,4,1,1,0
950,2,1,1,0
950,3,1,1,0
950,4,1,1,0
951,2,1,1,0
951,3,1,1,0
951,4,1,1,0
952,2,1,1,0
952,3,1,1,0
952,4,1,1,0
953,2,1,1,0
953,4,1,1,0
954,2,1,1,0
954,4,1,1,0
955,2,1,1,0
955,4,1,1,0
956,2,1,1,0
956,3,1,1,0
956,4,1,1,0
957,2,1,1,0
957,4,1,1,0
958,2,1,1,0
958,3,1,1,0
958,4,1,1,0
959,2,1,1,0
959,4,1,1,0
960,2,1,1,0
960,4,1,1,0
961,2,1,1,0
961,4,1,1,0
962,1,1,1,0
962,2,1,1,0
962,4,1,1,0
963,2,1,1,0
963,4,1,1,0
964,2,1,1,0
964,3,1,1,0
964,4,1,1,0
965,2,1,1,0
965,4,1,1,0
966,2,1,1,0
966,4,1,1,0
967,2,1,1,0
967,4,1,1,0
968,2,1,1,0
968,4,1,1,0
969,2,1,1,0
969,4,1,1,0
970,2,1,1,0
970,4,1,1,0
971,2,1,1,0
971,4,1,1,0
972,2,1,1,0
972,4,1,1,0
973,2,1,1,0
973,4,1,1,0
974,2,1,1,0
974,4,1,1,0
975,2,1,1,0
975,3,1,1,0
975,4,1,1,0
976,2,1,1,0
976,3,1,1,0
976,4,1,1,0
977,2,1,1,0
977,4,1,1,0
978,2,1,1,0
978,3,1,1,0
978,4,1,1,0
979,2,1,1,0
979,3,1,1,0
979,4,1,1,0
980,2,1,1,0
980,3,1,1,0
980,4,1,1,0
981,2,1,1,0
981,3,1,1,0
981,4,1,1,0
982,2,1,1,0
982,4,1,1,0
983,2,1,1,0
983,4,1,1,0
984,2,1,1,0
984,3,1,1,0
984,4,1,1,0
985,2,1,1,0
985,3,1,1,0
985,4,1,1,0
986,2,1,1,0
986,3,1,1,0
986,4,1,1,0
987,2,1,1,0
987,3,1,1,0
987,4,1,1,0
988,2,1,1,0
988,4,1,1,0
989,2,1,1,0
989,4,1,1,0
990,2,1,1,0
990,3,1,1,0
990,4,1,1,0
991,2,1,1,0
991,3,1,1,0
991,4,1,1,0
992,2,1,1,0
992,4,1,1,0
993,2,1,1,0
993,4,1,1,0
994,2,1,1,0
994,4,1,1,0
995,2,1,1,0
995,4,1,1,0
996,2,1,1,0
996,4,1,1,0
997,2,1,1,0
997,3,1,1,0
997,4,1,1,0
998,2,1,1,0
998,3,1,1,0
998,4,1,1,0
999,2,1,1,0
999,4,1,1,0
1000,2,1,1,0
1000,4,1,1,0
1001,2,1,1,0
1001,4,1,1,0
1002,2,1,1,0
1002,4,1,1,0
1003,2,1,1,0
1003,4,1,1,0
1004,2,1,1,0
1004,4,1,1,0
1005,2,1,1,0
1005,4,1,1,0
1006,2,1,1,0
1006,4,1,1,0
1007,2,1,1,0
1007,4,1,1,0
1008,2,1,1,0
1008,3,1,1,0
1008,4,1,1,0
1009,2,1,1,0
1009,4,1,1,0
1010,2,1,1,0
1010,4,1,1,0
1011,2,1,1,0
1011,3,1,1,0
1011,4,1,1,0
1012,2,1,1,0
1012,3,1,1,0
1012,4,1,1,0
1013,2,1,1,0
1013,4,1,1,0
1014,2,1,1,0
1014,4,1,1,0
1015,2,1,1,0
1015,4,1,1,0
1016,2,1,1,0
1016,4,1,1,0
1017,2,1,1,0
1017,4,1,1,0
1018,2,1,1,0
1018,4,1,1,0
1019,2,1,1,0
1019,4,1,1,0
1020,2,1,1,0
1020,4,1,1,0
1021,2,1,1,0
1021,4,1,1,0
1022,2,1,1,0
1022,4,1,1,0
1023,2,1,1,0
1023,4,1,1,0
1024,2,1,1,0
1024,4,1,1,0
1025,2,1,1,0
1025,4,1,1,0
1026,1,1,1,0
1026,2,1,1,0
1026,4,1,1,0
1027,2,1,1,0
1027,4,1,1,0
1028,2,1,1,0
1028,4,1,1,0
1029,2,1,1,0
1029,4,1,1,0
1030,2,1,1,0
1030,4,1,1,0
1031,2,1,1,0
1031,3,1,1,0
1031,4,1,1,0
1032,2,1,1,0
1032,4,1,1,0
1033,2,1,1,0
1033,4,1,1,0
1034,2,1,1,0
1034,4,1,1,0
1035,2,1,1,0
1035,4,1,1,0
1036,2,1,1,0
1036,4,1,1,0
1037,2,1,1,0
1037,4,1,1,0
1038,2,1,1,0
1038,3,1,1,0
1038,4,1,1,0
1039,2,1,1,0
1039,4,1,1,0
1040,2,1,1,0
1040,4,1,1,0
1041,2,1,1,0
1041,4,1,1,0
1042,1,1,1,0
1042,2,1,1,0
1042,4,1,1,0
1043,2,1,1,0
1043,4,1,1,0
1044,2,1,1,0
1044,4,1,1,0
1045,2,1,1,0
1045,4,1,1,0
1046,2,1,1,0
1046,4,1,1,0
1047,2,1,1,0
1047,4,1,1,0
1048,2,1,1,0
1048,4,1,1,0
1049,2,1,1,0
1049,4,1,1,0
1050,2,1,1,0
1050,4,1,1,0
1051,2,1,1,0
1051,3,1,1,0
1051,4,1,1,0
1052,2,1,1,0
1052,4,1,1,0
1053,2,1,1,0
1053,4,1,1,0
1054,2,1,1,0
1054,4,1,1,0
1055,2,1,1,0
1055,3,1,1,0
1055,4,1,1,0
1056,2,1,1,0
1056,4,1,1,0
1057,2,1,1,0
1057,4,1,1,0
1058,2,1,1,0
1058,4,1,1,0
1059,2,1,1,0
1059,4,1,1,0
1060,2,1,1,0
1060,4,1,1,0
1061,2,1,1,0
1061,4,1,1,0
1062,2,1,1,0
1062,4,1,1,0
1063,2,1,1,0
1063,3,1,1,0
1063,4,1,1,0
1064,2,1,1,0
1064,4,1,1,0
1065,2,1,1,0
1065,4,1,1,0
1066,2,1,1,0
1066,4,1,1,0
1067,1,1,1,0
1067,2,1,1,0
1067,4,1,1,0
1068,2,1,1,0
1068,4,1,1,0
1069,2,1,1,0
1069,4,1,1,0
1070,2,1,1,0
1070,4,1,1,0
1071,2,1,1,0
1071,4,1,1,0
1072,2,1,1,0
1072,4,1,1,0
1073,2,1,1,0
1073,4,1,1,0
1074,2,1,1,0
1074,3,1,1,0
1074,4,1,1,0
1075,2,1,1,0
1075,3,1,1,0
1075,4,1,1,0
1076,2,1,1,0
1076,4,1,1,0
1077,2,1,1,0
1077,4,1,1,0
1078,2,1,1,0
1078,3,1,1,0
1078,4,1,1,0
1079,2,1,1,0
1079,3,1,1,0
1079,4,1,1,0
1080,2,1,1,0
1080,4,1,1,0
1081,2,1,1,0
1081,4,1,1,0
1082,2,1,1,0
1082,4,1,1,0
1083,2,1,1,0
1083,4,1,1,0
1084,2,1,1,0
1084,4,1,1,0
1085,2,1,1,0
1085,4,1,1,0
1086,2,1,1,0
1086,4,1,1,0
1087,2,1,1,0
1087,3,1,1,0
1087,4,1,1,0
1088,2,1,1,0
1088,3,1,1,0
1088,4,1,1,0
1089,2,1,1,0
1089,4,1,1,0
1090,2,1,1,0
1090,4,1,1,0
1091,2,1,1,0
1091,3,1,1,0
1091,4,1,1,0
1092,2,1,1,0
1092,4,1,1,0
1093,2,1,1,0
1093,4,1,1,0
1094,2,1,1,0
1094,4,1,1,0
1095,2,1,1,0
1095,4,1,1,0
1096,2,1,1,0
1096,4,1,1,0
1097,2,1,1,0
1097,4,1,1,0
1098,2,1,1,0
1098,4,1,1,0
1099,2,1,1,0
1099,3,1,1,0
1099,4,1,1,0
1100,2,1,1,0
1100,3,1,1,0
1100,4,1,1,0
1101,2,1,1,0
1101,4,1,1,0
1102,1,1,1,0
1102,2,1,1,0
1102,4,1,1,0
1103,2,1,1,0
1103,4,1,1,0
1104,2,1,1,0
1104,4,1,1,0
1105,2,1,1,0
1105,4,1,1,0
1106,2,1,1,0
1106,3,1,1,0
1106,4,1,1,0
1107,2,1,1,0
1107,4,1,1,0
1108,2,1,1,0
1108,3,1,1,0
1108,4,1,1,0
1109,2,1,1,0
1109,3,1,1,0
1109,4,1,1,0
1110,2,1,1,0
1110,3,1,1,0
1110,4,1,1,0
1111,2,1,1,0
1111,4,1,1,0
1112,2,1,1,0
1112,3,1,1,0
1112,4,1,1,0
1113,2,1,1,0
1113,4,1,1,0
1114,2,1,1,0
1114,4,1,1,0
1115,2,1,1,0
1115,4,1,1,0
1116,2,1,1,0
1116,3,1,1,0
1116,4,1,1,0
1117,2,1,1,0
1117,4,1,1,0
1118,2,1,1,0
1118,4,1,1,0
1119,2,1,1,0
1119,4,1,1,0
1120,2,1,1,0
1120,4,1,1,0
1121,2,1,1,0
1121,4,1,1,0
1122,2,1,1,0
1122,3,1,1,0
1122,4,1,1,0
1123,2,1,1,0
1123,3,1,1,0
1123,4,1,1,0
1124,2,1,1,0
1124,4,1,1,0
1125,2,1,1,0
1125,4,1,1,0
1126,2,1,1,0
1126,3,1,1,0
1126,4,1,1,0
1127,2,1,1,0
1127,4,1,1,0
1128,2,1,1,0
1128,4,1,1,0
1129,2,1,1,0
1129,4,1,1,0
1130,2,1,1,0
1130,3,1,1,0
1130,4,1,1,0
1131,2,1,1,0
1131,4,1,1,0
1132,2,1,1,0
1133,2,1,1,0
1133,4,1,1,0
1134,2,1,1,0
1135,2,1,1,0
1135,3,1,1,0
1135,4,1,1,0
1136,2,1,1,0
1136,4,1,1,0
1137,2,1,1,0
1138,2,1,1,0
1138,4,1,1,0
1139,2,1,1,0
1139,4,1,1,0
1140,2,1,1,0
1140,4,1,1,0
1141,2,1,1,0
1141,4,1,1,0
1142,2,1,1,0
1142,4,1,1,0
1143,2,1,1,0
1143,4,1,1,0
1144,2,1,1,0
1144,4,1,1,0
1145,2,1,1,0
1145,4,1,1,0
1146,2,1,1,0
1146,4,1,1,0
1147,2,1,1,0
1147,4,1,1,0
1148,2,1,1,0
1148,4,1,1,0
1149,2,1,1,0
1149,4,1,1,0
1150,2,1,1,0
1150,4,1,1,0
1151,2,1,1,0
1151,4,1,1,0
1152,2,1,1,0
1152,4,1,1,0
1153,2,1,1,0
1153,4,1,1,0
1154,2,1,1,0
1154,4,1,1,0
1155,2,1,1,0
1155,3,1,1,0
1155,4,1,1,0
1156,2,1,1,0
1156,4,1,1,0
1157,2,1,1,0
1157,4,1,1,0
1158,2,1,1,0
1158,3,1,1,0
1158,4,1,1,0
1159,2,1,1,0
1159,4,1,1,0
1160,2,1,1,0
1160,4,1,1,0
1161,2,1,1,0
1161,4,1,1,0
1162,2,1,1,0
1162,3,1,1,0
1162,4,1,1,0
1163,2,1,1,0
1163,3,1,1,0
1163,4,1,1,0
1164,2,1,1,0
1164,3,1,1,0
1164,4,1,1,0
1165,2,1,1,0
1165,4,1,1,0
1166,2,1,1,0
1166,4,1,1,0
1167,2,1,1,0
1167,4,1,1,0
1168,2,1,1,0
1168,3,1,1,0
1168,4,1,1,0
1169,2,1,1,0
1169,3,1,1,0
1169,4,1,1,0
1170,2,1,1,0
1170,3,1,1,0
1170,4,1,1,0
1171,2,1,1,0
1171,3,1,1,0
1171,4,1,1,0
1172,2,1,1,0
1172,4,1,1,0
1173,2,1,1,0
1173,3,1,1,0
1173,4,1,1,0
1174,2,1,1,0
1174,4,1,1,0
1175,2,1,1,0
1175,4,1,1,0
1176,2,1,1,0
1176,4,1,1,0
1177,2,1,1,0
1177,4,1,1,0
1178,2,1,1,0
1178,4,1,1,0
1179,2,1,1,0
1179,3,1,1,0
1179,4,1,1,0
1180,2,1,1,0
1180,4,1,1,0
1181,2,1,1,0
1181,4,1,1,0
1182,2,1,1,0
1182,4,1,1,0
1183,2,1,1,0
1183,3,1,1,0
1183,4,1,1,0
1184,2,1,1,0
1184,3,1,1,0
1184,4,1,1,0
1185,2,1,1,0
1185,4,1,1,0
1186,2,1,1,0
1186,4,1,1,0
1187,2,1,1,0
1187,4,1,1,0
1188,2,1,1,0
1188,4,1,1,0
1189,2,1,1,0
1189,3,1,1,0
1189,4,1,1,0
1190,2,1,1,0
1190,4,1,1,0
1191,2,1,1,0
1191,4,1,1,0
1192,2,1,1,0
1192,4,1,1,0
1193,2,1,1,0
1193,4,1,1,0
1194,2,1,1,0
1194,4,1,1,0
1195,2,1,1,0
1195,4,1,1,0
1196,2,1,1,0
1196,4,1,1,0
1197,2,1,1,0
1197,4,1,1,0
1198,2,1,1,0
1198,4,1,1,0
1199,2,1,1,0
1199,3,1,1,0
1199,4,1,1,0
1200,2,1,1,0
1200,3,1,1,0
1200,4,1,1,0
1201,2,1,1,0
1201,3,1,1,0
1201,4,1,1,0
1202,2,1,1,0
1202,4,1,1,0
1203,2,1,1,0
1203,3,1,1,0
1203,4,1,1,0
1204,2,1,1,0
1204,4,1,1,0
1205,2,1,1,0
1205,3,1,1,0
1205,4,1,1,0
1206,2,1,1,0
1206,4,1,1,0
1207,2,1,1,0
1207,4,1,1,0
1208,2,1,1,0
1208,3,1,1,0
1208,4,1,1,0
1209,2,1,1,0
1209,3,1,1,0
1209,4,1,1,0
1210,2,1,1,0
1210,3,1,1,0
1210,4,1,1,0
1211,2,1,1,0
1211,4,1,1,0
1212,2,1,1,0
1212,4,1,1,0
1213,2,1,1,0
1213,4,1,1,0
1214,2,1,1,0
1214,3,1,1,0
1214,4,1,1,0
1215,2,1,1,0
1215,4,1,1,0
1216,2,1,1,0
1216,3,1,1,0
1216,4,1,1,0
1217,2,1,1,0
1217,4,1,1,0
1218,2,1,1,0
1218,3,1,1,0
1218,4,1,1,0
1219,2,1,1,0
1219,4,1,1,0
1220,2,1,1,0
1220,3,1,1,0
1220,4,1,1,0
1221,2,1,1,0
1221,4,1,1,0
1222,2,1,1,0
1222,4,1,1,0
1223,2,1,1,0
1223,4,1,1,0
1224,2,1,1,0
1224,3,1,1,0
1224,4,1,1,0
1225,2,1,1,0
1225,4,1,1,0
1226,2,1,1,0
1226,4,1,1,0
1227,2,1,1,0
1227,3,1,1,0
1227,4,1,1,0
1228,2,1,1,0
1228,4,1,1,0
1229,2,1,1,0
1229,4,1,1,0
1230,2,1,1,0
1230,4,1,1,0
1231,2,1,1,0
1231,4,1,1,0
1232,2,1,1,0
1232,4,1,1,0
1233,2,1,1,0
1233,4,1,1,0
1234,2,1,1,0
1234,3,1,1,0
1234,4,1,1,0
1235,2,1,1,0
1235,4,1,1,0
1236,2,1,1,0
1236,3,1,1,0
1236,4,1,1,0
1237,2,1,1,0
1237,4,1,1,0
1238,2,1,1,0
1238,3,1,1,0
1238,4,1,1,0
1239,2,1,1,0
1239,4,1,1,0
1240,2,1,1,0
1240,4,1,1,0
1241,2,1,1,0
1241,3,1,1,0
1241,4,1,1,0
1242,2,1,1,0
1242,4,1,1,0
1243,2,1,1,0
1243,4,1,1,0
1244,2,1,1,0
1244,4,1,1,0
1245,2,1,1,0
1245,4,1,1,0
1246,2,1,1,0
1246,3,1,1,0
1246,4,1,1,0
1247,2,1,1,0
1247,4,1,1,0
1248,2,1,1,0
1248,3,1,1,0
1248,4,1,1,0
1249,2,1,1,0
1249,4,1,1,0
1250,2,1,1,0
1250,4,1,1,0
1251,2,1,1,0
1251,4,1,1,0
1252,2,1,1,0
1252,3,1,1,0
1252,4,1,1,0
1253,2,1,1,0
1253,4,1,1,0
1254,2,1,1,0
1254,4,1,1,0
1255,2,1,1,0
1255,4,1,1,0
1256,2,1,1,0
1256,4,1,1,0
1257,2,1,1,0
1257,3,1,1,0
1257,4,1,1,0
1258,2,1,1,0
1258,3,1,1,0
1258,4,1,1,0
1259,2,1,1,0
1259,4,1,1,0
1260,2,1,1,0
1260,3,1,1,0
1260,4,1,1,0
1261,2,1,1,0
1261,3,1,1,0
1261,4,1,1,0
1262,2,1,1,0
1262,3,1,1,0
1262,4,1,1,0
1263,2,1,1,0
1263,3,1,1,0
1263,4,1,1,0
1264,2,1,1,0
1264,3,1,1,0
1264,4,1,1,0
1265,2,1,1,0
1265,4,1,1,0
1266,2,1,1,0
1266,4,1,1,0
1267,2,1,1,0
1267,4,1,1,0
1268,2,1,1,0
1268,3,1,1,0
1268,4,1,1,0
1269,2,1,1,0
1269,3,1,1,0
1269,4,1,1,0
1270,2,1,1,0
1270,4,1,1,0
1271,2,1,1,0
1271,3,1,1,0
1271,4,1,1,0
1272,2,1,1,0
1272,3,1,1,0
1272,4,1,1,0
1273,2,1,1,0
1273,3,1,1,0
1273,4,1,1,0
1274,2,1,1,0
1274,3,1,1,0
1274,4,1,1,0
1275,2,1,1,0
1275,4,1,1,0
1276,2,1,1,0
1276,4,1,1,0
1277,2,1,1,0
1277,4,1,1,0
1278,2,1,1,0
1278,3,1,1,0
1278,4,1,1,0
1279,2,1,1,0
1279,4,1,1,0
1280,2,1,1,0
1280,3,1,1,0
1280,4,1,1,0
1281,2,1,1,0
1281,3,1,1,0
1281,4,1,1,0
1282,2,1,1,0
1282,3,1,1,0
1282,4,1,1,0
1283,2,1,1,0
1283,3,1,1,0
1283,4,1,1,0
1284,2,1,1,0
1284,4,1,1,0
1285,2,1,1,0
1285,4,1,1,0
1286,2,1,1,0
1286,3,1,1,0
1286,4,1,1,0
1287,2,1,1,0
1287,4,1,1,0
1288,2,1,1,0
1288,4,1,1,0
1289,2,1,1,0
1289,4,1,1,0
1290,2,1,1,0
1290,3,1,1,0
1290,4,1,1,0
1291,2,1,1,0
1291,3,1,1,0
1291,4,1,1,0
1292,2,1,1,0
1292,4,1,1,0
1293,2,1,1,0
1293,3,1,1,0
1293,4,1,1,0
1294,2,1,1,0
1294,4,1,1,0
1295,2,1,1,0
1295,4,1,1,0
1296,2,1,1,0
1296,3,1,1,0
1296,4,1,1,0
1297,2,1,1,0
1297,3,1,1,0
1297,4,1,1,0
1298,2,1,1,0
1298,3,1,1,0
1298,4,1,1,0
1299,2,1,1,0
1299,4,1,1,0
1300,2,1,1,0
1300,3,1,1,0
1300,4,1,1,0
1301,2,1,1,0
1301,3,1,1,0
1301,4,1,1,0
1302,2,1,1,0
1302,3,1,1,0
1302,4,1,1,0
1303,2,1,1,0
1303,3,1,1,0
1303,4,1,1,0
1304,2,1,1,0
1304,3,1,1,0
1304,4,1,1,0
1305,2,1,1,0
1305,3,1,1,0
1305,4,1,1,0
1306,2,1,1,0
1306,4,1,1,0
1307,2,1,1,0
1307,3,1,1,0
1307,4,1,1,0
1308,2,1,1,0
1308,4,1,1,0
1309,2,1,1,0
1309,3,1,1,0
1309,4,1,1,0
1310,2,1,1,0
1310,3,1,1,0
1310,4,1,1,0
1311,2,1,1,0
1311,3,1,1,0
1311,4,1,1,0
1312,2,1,1,0
1312,3,1,1,0
1312,4,1,1,0
1313,2,1,1,0
1313,3,1,1,0
1313,4,1,1,0
1314,2,1,1,0
1314,3,1,1,0
1314,4,1,1,0
1315,2,1,1,0
1315,3,1,1,0
1315,4,1,1,0
1316,2,1,1,0
1316,3,1,1,0
1316,4,1,1,0
1317,2,1,1,0
1317,4,1,1,0
1318,2,1,1,0
1318,3,1,1,0
1318,4,1,1,0
1319,2,1,1,0
1319,3,1,1,0
1319,4,1,1,0
1320,2,1,1,0
1320,3,1,1,0
1320,4,1,1,0
1321,2,1,1,0
1321,3,1,1,0
1321,4,1,1,0
1322,2,1,1,0
1322,3,1,1,0
1322,4,1,1,0
1323,2,1,1,0
1323,3,1,1,0
1323,4,1,1,0
1324,2,1,1,0
1324,3,1,1,0
1324,4,1,1,0
1325,2,1,1,0
1325,3,1,1,0
1325,4,1,1,0
1326,2,1,1,0
1326,3,1,1,0
1326,4,1,1,0
1327,2,1,1,0
1327,4,1,1,0
1328,2,1,1,0
1328,3,1,1,0
1328,4,1,1,0
1329,2,1,1,0
1329,3,1,1,0
1329,4,1,1,0
1330,2,1,1,0
1330,3,1,1,0
1330,4,1,1,0
1331,2,1,1,0
1331,3,1,1,0
1331,4,1,1,0
1332,2,1,1,0
1332,4,1,1,0
1333,2,1,1,0
1333,3,1,1,0
1333,4,1,1,0
1334,2,1,1,0
1334,3,1,1,0
1334,4,1,1,0
1335,2,1,1,0
1335,3,1,1,0
1335,4,1,1,0
1336,2,1,1,0
1336,3,1,1,0
1336,4,1,1,0
1337,2,1,1,0
1337,3,1,1,0
1337,4,1,1,0
1338,2,1,1,0
1338,3,1,1,0
1338,4,1,1,0
1339,2,1,1,0
1339,3,1,1,0
1339,4,1,1,0
1340,2,1,1,0
1340,3,1,1,0
1340,4,1,1,0
1341,2,1,1,0
1341,3,1,1,0
1341,4,1,1,0
1342,2,1,1,0
1342,4,1,1,0
1343,2,1,1,0
1343,3,1,1,0
1343,4,1,1,0
1344,2,1,1,0
1344,3,1,1,0
1344,4,1,1,0
1345,2,1,1,0
1345,3,1,1,0
1345,4,1,1,0
1346,2,1,1,0
1346,4,1,1,0
1347,2,1,1,0
1347,3,1,1,0
1347,4,1,1,0
1348,2,1,1,0
1348,4,1,1,0
1349,2,1,1,0
1349,3,1,1,0
1349,4,1,1,0
1350,2,1,1,0
1350,4,1,1,0
1351,2,1,1,0
1351,3,1,1,0
1351,4,1,1,0
1352,2,1,1,0
1352,4,1,1,0
1353,2,1,1,0
1353,3,1,1,0
1353,4,1,1,0
1354,2,1,1,0
1354,3,1,1,0
1354,4,1,1,0
1355,2,1,1,0
1355,3,1,1,0
1355,4,1,1,0
1356,2,1,1,0
1356,3,1,1,0
1356,4,1,1,0
1357,2,1,1,0
1357,3,1,1,0
1357,4,1,1,0
1358,2,1,1,0
1358,3,1,1,0
1358,4,1,1,0
1359,2,1,1,0
1359,4,1,1,0
1360,2,1,1,0
1360,3,1,1,0
1360,4,1,1,0
1361,2,1,1,0
1361,3,1,1,0
1361,4,1,1,0
1362,2,1,1,0
1362,3,1,1,0
1362,4,1,1,0
1363,2,1,1,0
1363,3,1,1,0
1363,4,1,1,0
1364,2,1,1,0
1364,3,1,1,0
1364,4,1,1,0
1365,2,1,1,0
1365,3,1,1,0
1365,4,1,1,0
1366,2,1,1,0
1366,3,1,1,0
1366,4,1,1,0
1367,2,1,1,0
1367,4,1,1,0
1368,2,1,1,0
1368,3,1,1,0
1368,4,1,1,0
1369,2,1,1,0
1369,4,1,1,0
1370,2,1,1,0
1370,4,1,1,0
1371,2,1,1,0
1371,3,1,1,0
1371,4,1,1,0
1372,2,1,1,0
1372,3,1,1,0
1372,4,1,1,0
1373,2,1,1,0
1373,3,1,1,0
1373,4,1,1,0
1374,2,1,1,0
1374,3,1,1,0
1374,4,1,1,0
1375,2,1,1,0
1375,3,1,1,0
1375,4,1,1,0
1376,2,1,1,0
1376,3,1,1,0
1376,4,1,1,0
1377,2,1,1,0
1377,3,1,1,0
1377,4,1,1,0
1378,2,1,1,0
1378,4,1,1,0
1379,2,1,1,0
1379,3,1,1,0
1379,4,1,1,0
1380,2,1,1,0
1380,3,1,1,0
1380,4,1,1,0
1381,2,1,1,0
1381,3,1,1,0
1381,4,1,1,0
1382,2,1,1,0
1382,3,1,1,0
1382,4,1,1,0
1383,2,1,1,0
1383,3,1,1,0
1383,4,1,1,0
1384,2,1,1,0
1384,3,1,1,0
1384,4,1,1,0
1385,2,1,1,0
1385,3,1,1,0
1385,4,1,1,0
1386,2,1,1,0
1386,3,1,1,0
1386,4,1,1,0
1387,2,1,1,0
1387,3,1,1,0
1387,4,1,1,0
1388,2,1,1,0
1388,3,1,1,0
1388,4,1,1,0
1389,2,1,1,0
1389,3,1,1,0
1389,4,1,1,0
1390,2,1,1,0
1390,3,1,1,0
1390,4,1,1,0
1391,2,1,1,0
1391,3,1,1,0
1391,4,1,1,0
1392,2,1,1,0
1392,4,1,1,0
1393,2,1,1,0
1393,3,1,1,0
1393,4,1,1,0
1394,2,1,1,0
1394,4,1,1,0
1395,2,1,1,0
1395,3,1,1,0
1395,4,1,1,0
1396,2,1,1,0
1396,4,1,1,0
1397,2,1,1,0
1397,4,1,1,0
1398,2,1,1,0
1398,3,1,1,0
1398,4,1,1,0
1399,2,1,1,0
1399,4,1,1,0
1400,2,1,1,0
1400,3,1,1,0
1400,4,1,1,0
1401,2,1,1,0
1401,3,1,1,0
1401,4,1,1,0
1402,2,1,1,0
1402,3,1,1,0
1402,4,1,1,0
1403,2,1,1,0
1403,3,1,1,0
1403,4,1,1,0
1404,2,1,1,0
1404,3,1,1,0
1404,4,1,1,0
1405,2,1,1,0
1405,3,1,1,0
1405,4,1,1,0
1406,2,1,1,0
1406,4,1,1,0
1407,2,1,1,0
1407,3,1,1,0
1407,4,1,1,0
1408,2,1,1,0
1408,3,1,1,0
1408,4,1,1,0
1409,2,1,1,0
1409,4,1,1,0
1410,2,1,1,0
1410,4,1,1,0
1411,2,1,1,0
1411,3,1,1,0
1411,4,1,1,0
1412,2,1,1,0
1412,3,1,1,0
1412,4,1,1,0
1413,2,1,1,0
1413,4,1,1,0
1414,2,1,1,0
1414,3,1,1,0
1414,4,1,1,0
1415,2,1,1,0
1415,3,1,1,0
1415,4,1,1,0
1416,2,1,1,0
1416,3,1,1,0
1416,4,1,1,0
1417,2,1,1,0
1417,3,1,1,0
1417,4,1,1,0
1418,2,1,1,0
1418,3,1,1,0
1418,4,1,1,0
1419,2,1,1,0
1419,3,1,1,0
1419,4,1,1,0
1420,2,1,1,0
1420,3,1,1,0
1420,4,1,1,0
1421,2,1,1,0
1421,3,1,1,0
1421,4,1,1,0
1422,2,1,1,0
1422,3,1,1,0
1422,4,1,1,0
1423,2,1,1,0
1423,4,1,1,0
1424,2,1,1,0
1424,3,1,1,0
1424,4,1,1,0
1425,2,1,1,0
1425,3,1,1,0
1425,4,1,1,0
1426,2,1,1,0
1426,3,1,1,0
1426,4,1,1,0
1427,2,1,1,0
1427,3,1,1,0
1427,4,1,1,0
1428,2,1,1,0
1428,3,1,1,0
1428,4,1,1,0
1429,2,1,1,0
1429,3,1,1,0
1429,4,1,1,0
1430,2,1,1,0
1430,3,1,1,0
1430,4,1,1,0
1431,2,1,1,0
1431,3,1,1,0
1431,4,1,1,0
1432,2,1,1,0
1432,3,1,1,0
1432,4,1,1,0
1433,2,1,1,0
1433,3,1,1,0
1433,4,1,1,0
1434,2,1,1,0
1434,3,1,1,0
1434,4,1,1,0
1435,2,1,1,0
1435,3,1,1,0
1435,4,1,1,0
1436,2,1,1,0
1436,4,1,1,0
1437,2,1,1,0
1437,4,1,1,0
1438,2,1,1,0
1438,3,1,1,0
1438,4,1,1,0
1439,2,1,1,0
1439,3,1,1,0
1439,4,1,1,0
1440,2,1,1,0
1440,3,1,1,0
1440,4,1,1,0
1441,2,1,1,0
1441,4,1,1,0
1442,2,1,1,0
1442,4,1,1,0
1443,2,1,1,0
1443,4,1,1,0
1444,2,1,1,0
1444,4,1,1,0
1445,2,1,1,0
1445,4,1,1,0
1446,2,1,1,0
1446,4,1,1,0
1447,2,1,1,0
1447,4,1,1,0
1448,2,1,1,0
1448,3,1,1,0
1448,4,1,1,0
1449,2,1,1,0
1449,3,1,1,0
1449,4,1,1,0
1450,2,1,1,0
1450,3,1,1,0
1450,4,1,1,0
1451,2,1,1,0
1451,4,1,1,0
1452,2,1,1,0
1452,3,1,1,0
1452,4,1,1,0
1453,2,1,1,0
1453,3,1,1,0
1453,4,1,1,0
1454,2,1,1,0
1454,4,1,1,0
1455,2,1,1,0
1455,4,1,1,0
1456,2,1,1,0
1456,4,1,1,0
1457,2,1,1,0
1457,4,1,1,0
1458,2,1,1,0
1458,4,1,1,0
1459,2,1,1,0
1459,3,1,1,0
1459,4,1,1,0
1460,2,1,1,0
1460,3,1,1,0
1460,4,1,1,0
1461,2,1,1,0
1461,3,1,1,0
1461,4,1,1,0
1462,2,1,1,0
1462,3,1,1,0
1462,4,1,1,0
1463,2,1,1,0
1463,3,1,1,0
1463,4,1,1,0
1464,2,1,1,0
1464,3,1,1,0
1464,4,1,1,0
1465,2,1,1,0
1465,3,1,1,0
1465,4,1,1,0
1466,2,1,1,0
1466,4,1,1,0
1467,2,1,1,0
1467,3,1,1,0
1467,4,1,1,0
1468,2,1,1,0
1468,3,1,1,0
1468,4,1,1,0
1469,2,1,1,0
1469,3,1,1,0
1469,4,1,1,0
1470,2,1,1,0
1470,4,1,1,0
1471,2,1,1,0
1471,3,1,1,0
1471,4,1,1,0
1472,2,1,1,0
1472,3,1,1,0
1472,4,1,1,0
1473,2,1,1,0
1473,3,1,1,0
1473,4,1,1,0
1474,2,1,1,0
1474,4,1,1,0
1475,2,1,1,0
1475,4,1,1,0
1476,2,1,1,0
1476,4,1,1,0
1477,2,1,1,0
1477,4,1,1,0
1478,2,1,1,0
1478,3,1,1,0
1478,4,1,1,0
1479,2,1,1,0
1479,3,1,1,0
1479,4,1,1,0
1480,2,1,1,0
1480,3,1,1,0
1480,4,1,1,0
1481,2,1,1,0
1481,3,1,1,0
1481,4,1,1,0
1482,2,1,1,0
1482,3,1,1,0
1482,4,1,1,0
1483,2,1,1,0
1483,3,1,1,0
1483,4,1,1,0
1484,2,1,1,0
1484,3,1,1,0
1484,4,1,1,0
1485,2,1,1,0
1485,3,1,1,0
1485,4,1,1,0
1486,2,1,1,0
1486,3,1,1,0
1486,4,1,1,0
1487,2,1,1,0
1487,3,1,1,0
1487,4,1,1,0
1488,2,1,1,0
1488,3,1,1,0
1488,4,1,1,0
1489,2,1,1,0
1489,4,1,1,0
1490,2,1,1,0
1490,3,1,1,0
1490,4,1,1,0
1491,2,1,1,0
1491,3,1,1,0
1491,4,1,1,0
1492,2,1,1,0
1492,4,1,1,0
1493,2,1,1,0
1493,4,1,1,0
1494,2,1,1,0
1494,3,1,1,0
1494,4,1,1,0
1495,2,1,1,0
1495,4,1,1,0
1496,2,1,1,0
1496,4,1,1,0
1497,2,1,1,0
1497,4,1,1,0
1498,2,1,1,0
1498,4,1,1,0
1499,2,1,1,0
1499,3,1,1,0
1499,4,1,1,0
1500,2,1,1,0
1500,3,1,1,0
1500,4,1,1,0
1501,2,1,1,0
1501,4,1,1,0
1502,2,1,1,0
1502,3,1,1,0
1502,4,1,1,0
1503,2,1,1,0
1503,3,1,1,0
1503,4,1,1,0
1504,2,1,1,0
1504,4,1,1,0
1505,2,1,1,0
1505,4,1,1,0
1506,2,1,1,0
1506,3,1,1,0
1506,4,1,1,0
1507,2,1,1,0
1507,4,1,1,0
1508,2,1,1,0
1508,3,1,1,0
1508,4,1,1,0
1509,2,1,1,0
1509,3,1,1,0
1509,4,1,1,0
1510,2,1,1,0
1510,3,1,1,0
1510,4,1,1,0
1511,2,1,1,0
1511,3,1,1,0
1511,4,1,1,0
1512,2,1,1,0
1512,3,1,1,0
1512,4,1,1,0
1513,2,1,1,0
1513,3,1,1,0
1513,4,1,1,0
1514,2,1,1,0
1514,3,1,1,0
1514,4,1,1,0
1515,2,1,1,0
1515,3,1,1,0
1515,4,1,1,0
1516,2,1,1,0
1516,3,1,1,0
1516,4,1,1,0
1517,2,1,1,0
1517,4,1,1,0
1518,2,1,1,0
1518,4,1,1,0
1519,2,1,1,0
1519,4,1,1,0
1520,2,1,1,0
1520,4,1,1,0
1521,2,1,1,0
1521,4,1,1,0
1522,2,1,1,0
1522,4,1,1,0
1523,2,1,1,0
1523,4,1,1,0
1524,2,1,1,0
1524,3,1,1,0
1524,4,1,1,0
1525,2,1,1,0
1525,4,1,1,0
1526,2,1,1,0
1526,4,1,1,0
1527,2,1,1,0
1527,4,1,1,0
1528,2,1,1,0
1528,4,1,1,0
1529,2,1,1,0
1529,3,1,1,0
1529,4,1,1,0
1530,2,1,1,0
1530,4,1,1,0
1531,2,1,1,0
1531,3,1,1,0
1531,4,1,1,0
1532,2,1,1,0
1532,3,1,1,0
1532,4,1,1,0
1533,2,1,1,0
1533,4,1,1,0
1534,2,1,1,0
1534,4,1,1,0
1535,2,1,1,0
1535,4,1,1,0
1536,2,1,1,0
1536,4,1,1,0
1537,2,1,1,0
1537,4,1,1,0
1538,2,1,1,0
1538,4,1,1,0
1539,2,1,1,0
1539,4,1,1,0
1540,2,1,1,0
1540,4,1,1,0
1541,2,1,1,0
1541,4,1,1,0
1542,2,1,1,0
1542,4,1,1,0
1543,2,1,1,0
1543,4,1,1,0
1544,2,1,1,0
1544,4,1,1,0
1545,2,1,1,0
1545,4,1,1,0
1546,2,1,1,0
1546,4,1,1,0
1547,2,1,1,0
1547,4,1,1,0
1548,2,1,1,0
1548,3,1,1,0
1548,4,1,1,0
1549,2,1,1,0
1549,3,1,1,0
1549,4,1,1,0
1550,2,1,1,0
1550,4,1,1,0
1551,2,1,1,0
1551,4,1,1,0
1552,2,1,1,0
1552,4,1,1,0
1553,2,1,1,0
1553,4,1,1,0
1554,2,1,1,0
1554,3,1,1,0
1554,4,1,1,0
1555,2,1,1,0
1555,3,1,1,0
1555,4,1,1,0
1556,2,1,1,0
1556,3,1,1,0
1556,4,1,1,0
1557,2,1,1,0
1557,3,1,1,0
1557,4,1,1,0
1558,2,1,1,0
1558,4,1,1,0
1559,2,1,1,0
1559,3,1,1,0
1559,4,1,1,0
1560,2,1,1,0
1560,3,1,1,0
1560,4,1,1,0
1561,2,1,1,0
1561,3,1,1,0
1561,4,1,1,0
1562,2,1,1,0
1562,4,1,1,0
1563,2,1,1,0
1563,4,1,1,0
1564,2,1,1,0
1564,4,1,1,0
1565,2,1,1,0
1565,3,1,1,0
1565,4,1,1,0
1566,2,1,1,0
1566,4,1,1,0
1567,2,1,1,0
1567,4,1,1,0
1568,2,1,1,0
1568,4,1,1,0
1569,2,1,1,0
1569,3,1,1,0
1569,4,1,1,0
1570,2,1,1,0
1570,4,1,1,0
1571,2,1,1,0
1571,4,1,1,0
1572,2,1,1,0
1572,3,1,1,0
1572,4,1,1,0
1573,2,1,1,0
1573,4,1,1,0
1574,2,1,1,0
1574,3,1,1,0
1574,4,1,1,0
1575,2,1,1,0
1575,4,1,1,0
1576,2,1,1,0
1576,4,1,1,0
1577,2,1,1,0
1577,4,1,1,0
1578,2,1,1,0
1578,4,1,1,0
1579,2,1,1,0
1579,3,1,1,0
1579,4,1,1,0
1580,2,1,1,0
1580,3,1,1,0
1580,4,1,1,0
1581,2,1,1,0
1581,3,1,1,0
1581,4,1,1,0
1582,2,1,1,0
1582,4,1,1,0
1583,2,1,1,0
1583,3,1,1,0
1583,4,1,1,0
1584,2,1,1,0
1584,3,1,1,0
1584,4,1,1,0
1585,2,1,1,0
1585,3,1,1,0
1585,4,1,1,0
1586,2,1,1,0
1586,4,1,1,0
1587,2,1,1,0
1587,3,1,1,0
1587,4,1,1,0
1588,2,1,1,0
1588,3,1,1,0
1588,4,1,1,0
1589,2,1,1,0
1589,4,1,1,0
1590,2,1,1,0
1590,4,1,1,0
1591,2,1,1,0
1591,3,1,1,0
1591,4,1,1,0
1592,2,1,1,0
1592,3,1,1,0
1592,4,1,1,0
1593,2,1,1,0
1593,4,1,1,0
1594,2,1,1,0
1594,3,1,1,0
1594,4,1,1,0
1595,2,1,1,0
1595,4,1,1,0
1596,2,1,1,0
1596,3,1,1,0
1596,4,1,1,0
1597,2,1,1,0
1597,4,1,1,0
1598,2,1,1,0
1598,4,1,1,0
1599,2,1,1,0
1599,3,1,1,0
1599,4,1,1,0
1600,2,1,1,0
1600,3,1,1,0
1600,4,1,1,0
1601,2,1,1,0
1601,3,1,1,0
1601,4,1,1,0
1602,2,1,1,0
1602,3,1,1,0
1602,4,1,1,0
1603,2,1,1,0
1603,3,1,1,0
1603,4,1,1,0
1604,2,1,1,0
1604,3,1,1,0
1604,4,1,1,0
1605,2,1,1,0
1605,3,1,1,0
1605,4,1,1,0
1606,2,1,1,0
1606,3,1,1,0
1606,4,1,1,0
1607,2,1,1,0
1607,3,1,1,0
1607,4,1,1,0
1608,2,1,1,0
1608,3,1,1,0
1608,4,1,1,0
1609,2,1,1,0
1609,4,1,1,0
1610,2,1,1,0
1610,4,1,1,0
1611,2,1,1,0
1611,4,1,1,0
1612,2,1,1,0
1612,4,1,1,0
1613,2,1,1,0
1613,4,1,1,0
1614,2,1,1,0
1614,4,1,1,0
1615,2,1,1,0
1615,4,1,1,0
1616,2,1,1,0
1616,3,1,1,0
1616,4,1,1,0
1617,2,1,1,0
1617,4,1,1,0
1618,2,1,1,0
1618,4,1,1,0
1619,2,1,1,0
1619,3,1,1,0
1619,4,1,1,0
1620,2,1,1,0
1620,3,1,1,0
1620,4,1,1,0
1621,2,1,1,0
1621,4,1,1,0
1622,2,1,1,0
1622,3,1,1,0
1622,4,1,1,0
1623,2,1,1,0
1623,4,1,1,0
1624,2,1,1,0
1624,3,1,1,0
1624,4,1,1,0
1625,2,1,1,0
1625,3,1,1,0
1625,4,1,1,0
1626,2,1,1,0
1626,3,1,1,0
1626,4,1,1,0
1627,2,1,1,0
1627,4,1,1,0
1628,2,1,1,0
1628,4,1,1,0
1629,2,1,1,0
1629,4,1,1,0
1630,2,1,1,0
1630,3,1,1,0
1630,4,1,1,0
1631,2,1,1,0
1631,4,1,1,0
1632,2,1,1,0
1632,4,1,1,0
1633,2,1,1,0
1633,4,1,1,0
1634,2,1,1,0
1634,3,1,1,0
1634,4,1,1,0
1635,2,1,1,0
1635,4,1,1,0
1636,2,1,1,0
1636,4,1,1,0
1637,2,1,1,0
1637,4,1,1,0
1638,2,1,1,0
1638,4,1,1,0
1639,2,1,1,0
1639,3,1,1,0
1639,4,1,1,0
1640,2,1,1,0
1640,4,1,1,0
1641,2,1,1,0
1641,4,1,1,0
1642,2,1,1,0
1642,4,1,1,0
1643,2,1,1,0
1643,3,1,1,0
1643,4,1,1,0
1644,2,1,1,0
1644,3,1,1,0
1644,4,1,1,0
1645,2,1,1,0
1645,4,1,1,0
1646,2,1,1,0
1646,3,1,1,0
1646,4,1,1,0
1647,2,1,1,0
1647,3,1,1,0
1647,4,1,1,0
1648,2,1,1,0
1648,3,1,1,0
1648,4,1,1,0
1649,2,1,1,0
1649,3,1,1,0
1649,4,1,1,0
1650,2,1,1,0
1650,4,1,1,0
1651,2,1,1,0
1651,3,1,1,0
1651,4,1,1,0
1652,2,1,1,0
1652,4,1,1,0
1653,2,1,1,0
1653,4,1,1,0
1654,2,1,1,0
1654,4,1,1,0
1655,2,1,1,0
1655,3,1,1,0
1655,4,1,1,0
1656,2,1,1,0
1656,3,1,1,0
1656,4,1,1,0
1657,2,1,1,0
1657,4,1,1,0
1658,2,1,1,0
1658,4,1,1,0
1659,2,1,1,0
1659,3,1,1,0
1659,4,1,1,0
1660,2,1,1,0
1660,4,1,1,0
1661,2,1,1,0
1661,4,1,1,0
1662,2,1,1,0
1662,4,1,1,0
1663,2,1,1,0
1663,4,1,1,0
1664,2,1,1,0
1664,4,1,1,0
1665,2,1,1,0
1665,4,1,1,0
1666,2,1,1,0
1666,4,1,1,0
1667,2,1,1,0
1667,3,1,1,0
1667,4,1,1,0
1668,2,1,1,0
1668,3,1,1,0
1668,4,1,1,0
1669,2,1,1,0
1669,4,1,1,0
1670,2,1,1,0
1670,4,1,1,0
1671,2,1,1,0
1671,4,1,1,0
1672,2,1,1,0
1672,4,1,1,0
1673,2,1,1,0
1673,4,1,1,0
1674,2,1,1,0
1674,3,1,1,0
1674,4,1,1,0
1675,2,1,1,0
1675,4,1,1,0
1676,2,1,1,0
1676,4,1,1,0
1677,2,1,1,0
1677,4,1,1,0
1678,2,1,1,0
1678,4,1,1,0
1679,2,1,1,0
1679,4,1,1,0
1680,2,1,1,0
1680,4,1,1,0
1681,2,1,1,0
1681,4,1,1,0
1682,2,1,1,0
1682,4,1,1,0
1683,2,1,1,0
1683,4,1,1,0
1684,2,1,1,0
1684,3,1,1,0
1684,4,1,1,0
1685,2,1,1,0
1685,3,1,1,0
1685,4,1,1,0
1686,2,1,1,0
1686,3,1,1,0
1686,4,1,1,0
1687,2,1,1,0
1687,3,1,1,0
1687,4,1,1,0
1688,2,1,1,0
1688,3,1,1,0
1688,4,1,1,0
1689,2,1,1,0
1689,3,1,1,0
1689,4,1,1,0
1690,2,1,1,0
1690,4,1,1,0
1691,2,1,1,0
1691,3,1,1,0
1691,4,1,1,0
1692,2,1,1,0
1692,3,1,1,0
1692,4,1,1,0
1693,2,1,1,0
1693,3,1,1,0
1693,4,1,1,0
1694,2,1,1,0
1694,4,1,1,0
1695,2,1,1,0
1695,4,1,1,0
1696,2,1,1,0
1696,3,1,1,0
1696,4,1,1,0
1697,2,1,1,0
1697,3,1,1,0
1697,4,1,1,0
1698,2,1,1,0
1698,4,1,1,0
1699,2,1,1,0
1699,3,1,1,0
1699,4,1,1,0
1700,2,1,1,0
1700,4,1,1,0
1701,2,1,1,0
1701,3,1,1,0
1701,4,1,1,0
1702,2,1,1,0
1702,4,1,1,0
1703,2,1,1,0
1703,3,1,1,0
1703,4,1,1,0
1704,2,1,1,0
1704,3,1,1,0
1704,4,1,1,0
1705,2,1,1,0
1705,3,1,1,0
1705,4,1,1,0
1706,2,1,1,0
1706,4,1,1,0
1707,2,1,1,0
1707,3,1,1,0
1707,4,1,1,0
1708,2,1,1,0
1708,3,1,1,0
1708,4,1,1,0
1709,2,1,1,0
1709,3,1,1,0
1709,4,1,1,0
1710,2,1,1,0
1710,3,1,1,0
1710,4,1,1,0
1711,2,1,1,0
1711,3,1,1,0
1711,4,1,1,0
1712,2,1,1,0
1712,3,1,1,0
1712,4,1,1,0
1713,2,1,1,0
1713,4,1,1,0
1714,2,1,1,0
1714,3,1,1,0
1714,4,1,1,0
1715,2,1,1,0
1715,4,1,1,0
1716,2,1,1,0
1716,4,1,1,0
1717,2,1,1,0
1717,4,1,1,0
1718,2,1,1,0
1718,3,1,1,0
1718,4,1,1,0
1719,2,1,1,0
1719,3,1,1,0
1719,4,1,1,0
1720,2,1,1,0
1720,4,1,1,0
1721,2,1,1,0
1721,3,1,1,0
1721,4,1,1,0
1722,2,1,1,0
1722,3,1,1,0
1722,4,1,1,0
1723,2,1,1,0
1723,4,1,1,0
1724,2,1,1,0
1724,4,1,1,0
1725,2,1,1,0
1725,4,1,1,0
1726,2,1,1,0
1726,3,1,1,0
1726,4,1,1,0
1727,2,1,1,0
1727,3,1,1,0
1727,4,1,1,0
1728,2,1,1,0
1728,3,1,1,0
1728,4,1,1,0
1729,2,1,1,0
1729,3,1,1,0
1729,4,1,1,0
1730,2,1,1,0
1730,4,1,1,0
1731,2,1,1,0
1731,3,1,1,0
1731,4,1,1,0
1732,2,1,1,0
1732,3,1,1,0
1732,4,1,1,0
1733,2,1,1,0
1733,3,1,1,0
1733,4,1,1,0
1734,2,1,1,0
1734,3,1,1,0
1734,4,1,1,0
1735,2,1,1,0
1735,4,1,1,0
1736,2,1,1,0
1736,4,1,1,0
1737,2,1,1,0
1737,4,1,1,0
1738,2,1,1,0
1738,3,1,1,0
1738,4,1,1,0
1739,2,1,1,0
1739,4,1,1,0
1740,2,1,1,0
1740,3,1,1,0
1740,4,1,1,0
1741,2,1,1,0
1741,3,1,1,0
1741,4,1,1,0
1742,2,1,1,0
1742,3,1,1,0
1742,4,1,1,0
1743,2,1,1,0
1743,3,1,1,0
1743,4,1,1,0
1744,2,1,1,0
1744,4,1,1,0
1745,2,1,1,0
1745,4,1,1,0
1746,2,1,1,0
1746,3,1,1,0
1746,4,1,1,0
1747,2,1,1,0
1747,3,1,1,0
1747,4,1,1,0
1748,2,1,1,0
1748,3,1,1,0
1748,4,1,1,0
1749,2,1,1,0
1749,3,1,1,0
1749,4,1,1,0
1750,2,1,1,0
1750,3,1,1,0
1750,4,1,1,0
1751,2,1,1,0
1751,3,1,1,0
1751,4,1,1,0
1752,2,1,1,0
1752,3,1,1,0
1752,4,1,1,0
1753,2,1,1,0
1753,3,1,1,0
1753,4,1,1,0
1754,2,1,1,0
1754,4,1,1,0
1755,2,1,1,0
1755,4,1,1,0
1756,2,1,1,0
1756,3,1,1,0
1756,4,1,1,0
1757,2,1,1,0
1757,3,1,1,0
1757,4,1,1,0
1758,2,1,1,0
1758,4,1,1,0
1759,2,1,1,0
1759,3,1,1,0
1759,4,1,1,0
1760,2,1,1,0
1760,3,1,1,0
1760,4,1,1,0
1761,2,1,1,0
1761,4,1,1,0
1762,2,1,1,0
1762,3,1,1,0
1762,4,1,1,0
1763,2,1,1,0
1763,3,1,1,0
1763,4,1,1,0
1764,2,1,1,0
1764,3,1,1,0
1764,4,1,1,0
1765,2,1,1,0
1765,3,1,1,0
1765,4,1,1,0
1766,2,1,1,0
1766,3,1,1,0
1766,4,1,1,0
1767,2,1,1,0
1767,4,1,1,0
1768,2,1,1,0
1768,4,1,1,0
1769,2,1,1,0
1769,3,1,1,0
1769,4,1,1,0
1770,2,1,1,0
1770,4,1,1,0
1771,2,1,1,0
1771,4,1,1,0
1772,2,1,1,0
1772,4,1,1,0
1773,2,1,1,0
1773,4,1,1,0
1774,2,1,1,0
1774,3,1,1,0
1774,4,1,1,0
1775,2,1,1,0
1775,4,1,1,0
1776,2,1,1,0
1776,4,1,1,0
1777,2,1,1,0
1777,3,1,1,0
1777,4,1,1,0
1778,2,1,1,0
1778,3,1,1,0
1778,4,1,1,0
1779,2,1,1,0
1779,4,1,1,0
1780,2,1,1,0
1780,3,1,1,0
1780,4,1,1,0
1781,2,1,1,0
1781,3,1,1,0
1781,4,1,1,0
1782,2,1,1,0
1782,3,1,1,0
1782,4,1,1,0
1783,2,1,1,0
1783,4,1,1,0
1784,2,1,1,0
1784,3,1,1,0
1784,4,1,1,0
1785,2,1,1,0
1785,4,1,1,0
1786,2,1,1,0
1786,4,1,1,0
1787,2,1,1,0
1787,3,1,1,0
1787,4,1,1,0
1788,2,1,1,0
1788,4,1,1,0
1789,2,1,1,0
1789,4,1,1,0
1790,2,1,1,0
1790,4,1,1,0
1791,2,1,1,0
1791,4,1,1,0
1792,2,1,1,0
1792,3,1,1,0
1792,4,1,1,0
1793,2,1,1,0
1793,3,1,1,0
1793,4,1,1,0
1794,2,1,1,0
1794,3,1,1,0
1794,4,1,1,0
1795,2,1,1,0
1795,3,1,1,0
1795,4,1,1,0
1796,2,1,1,0
1796,3,1,1,0
1796,4,1,1,0
1797,2,1,1,0
1797,3,1,1,0
1797,4,1,1,0
1798,2,1,1,0
1798,3,1,1,0
1798,4,1,1,0
1799,2,1,1,0
1799,3,1,1,0
1799,4,1,1,0
1800,2,1,1,0
1800,4,1,1,0
1801,2,1,1,0
1801,4,1,1,0
1802,2,1,1,0
1802,4,1,1,0
1803,2,1,1,0
1803,3,1,1,0
1803,4,1,1,0
1804,2,1,1,0
1804,4,1,1,0
1805,2,1,1,0
1805,4,1,1,0
1806,2,1,1,0
1806,3,1,1,0
1806,4,1,1,0
1807,2,1,1,0
1807,3,1,1,0
1807,4,1,1,0
1808,2,1,1,0
1808,3,1,1,0
1808,4,1,1,0
1809,2,1,1,0
1809,3,1,1,0
1809,4,1,1,0
1810,2,1,1,0
1810,4,1,1,0
1811,2,1,1,0
1811,4,1,1,0
1812,2,1,1,0
1812,3,1,1,0
1812,4,1,1,0
1813,2,1,1,0
1813,4,1,1,0
1814,2,1,1,0
1814,3,1,1,0
1814,4,1,1,0
1815,2,1,1,0
1815,4,1,1,0
1816,2,1,1,0
1816,4,1,1,0
1817,2,1,1,0
1817,3,1,1,0
1817,4,1,1,0
1818,2,1,1,0
1818,3,1,1,0
1818,4,1,1,0
1819,2,1,1,0
1819,3,1,1,0
1819,4,1,1,0
1820,2,1,1,0
1820,3,1,1,0
1820,4,1,1,0
1821,2,1,1,0
1821,3,1,1,0
1821,4,1,1,0
1822,2,1,1,0
1822,3,1,1,0
1822,4,1,1,0
1823,2,1,1,0
1823,4,1,1,0
1824,2,1,1,0
1824,4,1,1,0
1825,2,1,1,0
1825,4,1,1,0
1826,2,1,1,0
1826,3,1,1,0
1826,4,1,1,0
1827,2,1,1,0
1827,4,1,1,0
1828,2,1,1,0
1828,4,1,1,0
1829,2,1,1,0
1829,4,1,1,0
1830,2,1,1,0
1830,3,1,1,0
1830,4,1,1,0
1831,2,1,1,0
1831,4,1,1,0
1832,2,1,1,0
1832,3,1,1,0
1832,4,1,1,0
1833,2,1,1,0
1833,3,1,1,0
1833,4,1,1,0
1834,2,1,1,0
1834,3,1,1,0
1834,4,1,1,0
1835,2,1,1,0
1835,3,1,1,0
1835,4,1,1,0
1836,2,1,1,0
1836,3,1,1,0
1836,4,1,1,0
1837,2,1,1,0
1837,3,1,1,0
1837,4,1,1,0
1838,2,1,1,0
1838,3,1,1,0
1838,4,1,1,0
1839,2,1,1,0
1839,3,1,1,0
1839,4,1,1,0
1840,2,1,1,0
1840,4,1,1,0
1841,2,1,1,0
1841,3,1,1,0
1841,4,1,1,0
1842,2,1,1,0
1842,3,1,1,0
1842,4,1,1,0
1843,2,1,1,0
1843,4,1,1,0
1844,2,1,1,0
1844,4,1,1,0
1845,2,1,1,0
1845,4,1,1,0
1846,2,1,1,0
1846,3,1,1,0
1846,4,1,1,0
1847,2,1,1,0
1847,4,1,1,0
1848,2,1,1,0
1848,3,1,1,0
1848,4,1,1,0
1849,2,1,1,0
1849,3,1,1,0
1849,4,1,1,0
1850,2,1,1,0
1850,4,1,1,0
1851,2,1,1,0
1851,3,1,1,0
1851,4,1,1,0
1852,2,1,1,0
1852,3,1,1,0
1852,4,1,1,0
1853,2,1,1,0
1853,3,1,1,0
1853,4,1,1,0
1854,2,1,1,0
1854,4,1,1,0
1855,2,1,1,0
1855,4,1,1,0
1856,2,1,1,0
1856,3,1,1,0
1856,4,1,1,0
1857,2,1,1,0
1857,4,1,1,0
1858,2,1,1,0
1858,3,1,1,0
1858,4,1,1,0
1859,2,1,1,0
1859,4,1,1,0
1860,2,1,1,0
1860,3,1,1,0
1860,4,1,1,0
1861,2,1,1,0
1861,3,1,1,0
1861,4,1,1,0
1862,2,1,1,0
1862,3,1,1,0
1862,4,1,1,0
1863,2,1,1,0
1863,3,1,1,0
1863,4,1,1,0
1864,2,1,1,0
1864,4,1,1,0
1865,2,1,1,0
1865,4,1,1,0
1866,2,1,1,0
1866,4,1,1,0
1867,2,1,1,0
1867,3,1,1,0
1867,4,1,1,0
1868,2,1,1,0
1868,3,1,1,0
1868,4,1,1,0
1869,2,1,1,0
1869,3,1,1,0
1869,4,1,1,0
1870,2,1,1,0
1870,3,1,1,0
1870,4,1,1,0
1871,2,1,1,0
1871,3,1,1,0
1871,4,1,1,0
1872,2,1,1,0
1872,4,1,1,0
1873,2,1,1,0
1873,3,1,1,0
1873,4,1,1,0
1874,2,1,1,0
1874,3,1,1,0
1874,4,1,1,0
1875,2,1,1,0
1875,3,1,1,0
1875,4,1,1,0
1876,2,1,1,0
1876,3,1,1,0
1876,4,1,1,0
1877,2,1,1,0
1877,3,1,1,0
1877,4,1,1,0
1878,2,1,1,0
1878,4,1,1,0
1879,2,1,1,0
1879,4,1,1,0
1880,2,1,1,0
1880,4,1,1,0
1881,2,1,1,0
1881,4,1,1,0
1882,2,1,1,0
1882,4,1,1,0
1883,2,1,1,0
1883,3,1,1,0
1883,4,1,1,0
1884,2,1,1,0
1884,3,1,1,0
1884,4,1,1,0
1885,2,1,1,0
1885,3,1,1,0
1885,4,1,1,0
1886,2,1,1,0
1886,3,1,1,0
1886,4,1,1,0
1887,2,1,1,0
1887,3,1,1,0
1887,4,1,1,0
1888,2,1,1,0
1888,4,1,1,0
1889,2,1,1,0
1889,3,1,1,0
1889,4,1,1,0
1890,2,1,1,0
1890,3,1,1,0
1890,4,1,1,0
1891,2,1,1,0
1891,4,1,1,0
1892,2,1,1,0
1892,3,1,1,0
1892,4,1,1,0
1893,2,1,1,0
1893,3,1,1,0
1893,4,1,1,0
1894,2,1,1,0
1894,3,1,1,0
1894,4,1,1,0
1895,2,1,1,0
1895,3,1,1,0
1895,4,1,1,0
1896,2,1,1,0
1896,3,1,1,0
1896,4,1,1,0
1897,2,1,1,0
1897,3,1,1,0
1897,4,1,1,0
1898,2,1,1,0
1898,4,1,1,0
1899,2,1,1,0
1899,4,1,1,0
1900,2,1,1,0
1900,3,1,1,0
1900,4,1,1,0
1901,2,1,1,0
1901,3,1,1,0
1901,4,1,1,0
1902,2,1,1,0
1902,3,1,1,0
1902,4,1,1,0
1903,2,1,1,0
1903,3,1,1,0
1903,4,1,1,0
1904,2,1,1,0
1904,3,1,1,0
1904,4,1,1,0
1905,2,1,1,0
1905,3,1,1,0
1905,4,1,1,0
1906,2,1,1,0
1906,4,1,1,0
1907,2,1,1,0
1907,3,1,1,0
1907,4,1,1,0
1908,2,1,1,0
1908,3,1,1,0
1908,4,1,1,0
1909,2,1,1,0
1909,3,1,1,0
1909,4,1,1,0
1910,2,1,1,0
1910,3,1,1,0
1910,4,1,1,0
1911,2,1,1,0
1911,3,1,1,0
1911,4,1,1,0
1912,2,1,1,0
1912,3,1,1,0
1912,4,1,1,0
1913,2,1,1,0
1913,4,1,1,0
1914,2,1,1,0
1914,4,1,1,0
1915,2,1,1,0
1915,3,1,1,0
1915,4,1,1,0
1916,2,1,1,0
1916,4,1,1,0
1917,2,1,1,0
1917,4,1,1,0
1918,2,1,1,0
1918,4,1,1,0
1919,2,1,1,0
1919,3,1,1,0
1919,4,1,1,0
1920,2,1,1,0
1920,4,1,1,0
1921,2,1,1,0
1921,3,1,1,0
1921,4,1,1,0
1922,2,1,1,0
1922,4,1,1,0
1923,2,1,1,0
1923,4,1,1,0
1924,2,1,1,0
1924,4,1,1,0
1925,2,1,1,0
1925,3,1,1,0
1925,4,1,1,0
1926,2,1,1,0
1926,4,1,1,0
1927,2,1,1,0
1927,3,1,1,0
1927,4,1,1,0
1928,2,1,1,0
1928,3,1,1,0
1928,4,1,1,0
1929,2,1,1,0
1929,4,1,1,0
1930,2,1,1,0
1930,4,1,1,0
1931,2,1,1,0
1931,4,1,1,0
1932,2,1,1,0
1932,4,1,1,0
1933,2,1,1,0
1933,4,1,1,0
1934,2,1,1,0
1934,3,1,1,0
1934,4,1,1,0
1935,2,1,1,0
1935,3,1,1,0
1935,4,1,1,0
1936,2,1,1,0
1936,4,1,1,0
1937,2,1,1,0
1937,4,1,1,0
1938,2,1,1,0
1938,3,1,1,0
1938,4,1,1,0
1939,2,1,1,0
1939,4,1,1,0
1940,2,1,1,0
1940,3,1,1,0
1940,4,1,1,0
1941,2,1,1,0
1941,3,1,1,0
1941,4,1,1,0
1942,2,1,1,0
1942,3,1,1,0
1942,4,1,1,0
1943,2,1,1,0
1943,3,1,1,0
1943,4,1,1,0
1944,2,1,1,0
1944,3,1,1,0
1944,4,1,1,0
1945,2,1,1,0
1945,3,1,1,0
1945,4,1,1,0
1946,2,1,1,0
1946,4,1,1,0
1947,2,1,1,0
1947,3,1,1,0
1947,4,1,1,0
1948,2,1,1,0
1948,4,1,1,0
1949,2,1,1,0
1949,4,1,1,0
1950,2,1,1,0
1950,3,1,1,0
1950,4,1,1,0
1951,2,1,1,0
1951,3,1,1,0
1951,4,1,1,0
1952,2,1,1,0
1952,3,1,1,0
1952,4,1,1,0
1953,2,1,1,0
1953,4,1,1,0
1954,2,1,1,0
1954,4,1,1,0
1955,2,1,1,0
1955,4,1,1,0
1956,2,1,1,0
1956,4,1,1,0
1957,2,1,1,0
1957,3,1,1,0
1957,4,1,1,0
1958,2,1,1,0
1958,4,1,1,0
1959,2,1,1,0
1959,3,1,1,0
1959,4,1,1,0
1960,2,1,1,0
1960,3,1,1,0
1960,4,1,1,0
1961,2,1,1,0
1961,3,1,1,0
1961,4,1,1,0
1962,2,1,1,0
1962,3,1,1,0
1962,4,1,1,0
1963,2,1,1,0
1963,4,1,1,0
1964,2,1,1,0
1964,4,1,1,0
1965,2,1,1,0
1965,4,1,1,0
1966,2,1,1,0
1966,3,1,1,0
1966,4,1,1,0
1967,2,1,1,0
1967,3,1,1,0
1967,4,1,1,0
1968,2,1,1,0
1968,3,1,1,0
1968,4,1,1,0
1969,2,1,1,0
1969,4,1,1,0
1970,2,1,1,0
1970,3,1,1,0
1970,4,1,1,0
1971,2,1,1,0
1971,3,1,1,0
1971,4,1,1,0
1972,2,1,1,0
1972,3,1,1,0
1972,4,1,1,0
1973,2,1,1,0
1973,3,1,1,0
1973,4,1,1,0
1974,2,1,1,0
1974,3,1,1,0
1974,4,1,1,0
1975,2,1,1,0
1975,3,1,1,0
1975,4,1,1,0
1976,2,1,1,0
1976,4,1,1,0
1977,2,1,1,0
1977,4,1,1,0
1978,2,1,1,0
1978,4,1,1,0
1979,2,1,1,0
1979,4,1,1,0
1980,2,1,1,0
1980,3,1,1,0
1980,4,1,1,0
1981,2,1,1,0
1981,3,1,1,0
1981,4,1,1,0
1982,2,1,1,0
1982,4,1,1,0
1983,2,1,1,0
1983,4,1,1,0
1984,2,1,1,0
1984,3,1,1,0
1984,4,1,1,0
1985,2,1,1,0
1985,3,1,1,0
1985,4,1,1,0
1986,2,1,1,0
1986,3,1,1,0
1986,4,1,1,0
1987,2,1,1,0
1987,4,1,1,0
1988,2,1,1,0
1988,3,1,1,0
1988,4,1,1,0
1989,2,1,1,0
1989,3,1,1,0
1989,4,1,1,0
1990,2,1,1,0
1990,3,1,1,0
1990,4,1,1,0
1991,2,1,1,0
1991,3,1,1,0
1991,4,1,1,0
1992,2,1,1,0
1992,4,1,1,0
1993,2,1,1,0
1993,3,1,1,0
1993,4,1,1,0
1994,2,1,1,0
1994,3,1,1,0
1994,4,1,1,0
1995,2,1,1,0
1995,3,1,1,0
1995,4,1,1,0
1996,2,1,1,0
1996,3,1,1,0
1996,4,1,1,0
1997,2,1,1,0
1997,3,1,1,0
1997,4,1,1,0
1998,2,1,1,0
1998,4,1,1,0
1999,2,1,1,0
1999,3,1,1,0
1999,4,1,1,0
2000,2,1,1,0
2000,3,1,1,0
2000,4,1,1,0
2001,2,1,1,0
2001,3,1,1,0
2001,4,1,1,0
2002,2,1,1,0
2002,4,1,1,0
2003,2,1,1,0
2003,3,1,1,0
2003,4,1,1,0
2004,2,1,1,0
2004,3,1,1,0
2004,4,1,1,0
2005,2,1,1,0
2005,4,1,1,0
2006,2,1,1,0
2006,4,1,1,0
2007,2,1,1,0
2007,3,1,1,0
2007,4,1,1,0
2008,2,1,1,0
2008,3,1,1,0
2008,4,1,1,0
2009,2,1,1,0
2009,3,1,1,0
2009,4,1,1,0
2010,2,1,1,0
2010,3,1,1,0
2010,4,1,1,0
2011,2,1,1,0
2011,3,1,1,0
2011,4,1,1,0
2012,2,1,1,0
2012,3,1,1,0
2012,4,1,1,0
2013,2,1,1,0
2013,3,1,1,0
2013,4,1,1,0
2014,2,1,1,0
2014,4,1,1,0
2015,2,1,1,0
2015,3,1,1,0
2015,4,1,1,0
2016,2,1,1,0
2016,3,1,1,0
2016,4,1,1,0
2017,2,1,1,0
2017,3,1,1,0
2017,4,1,1,0
2018,2,1,1,0
2018,3,1,1,0
2018,4,1,1,0
2019,2,1,1,0
2019,3,1,1,0
2019,4,1,1,0
2020,2,1,1,0
2020,3,1,1,0
2020,4,1,1,0
2021,2,1,1,0
2021,3,1,1,0
2021,4,1,1,0
2022,2,1,1,0
2022,3,1,1,0
2022,4,1,1,0
2023,2,1,1,0
2023,3,1,1,0
2023,4,1,1,0
2024,2,1,1,0
2024,3,1,1,0
2024,4,1,1,0
2025,2,1,1,0
2025,3,1,1,0
2025,4,1,1,0
2026,2,1,1,0
2026,3,1,1,0
2026,4,1,1,0
2027,2,1,1,0
2027,3,1,1,0
2027,4,1,1,0
2028,2,1,1,0
2028,3,1,1,0
2028,4,1,1,0
2029,2,1,1,0
2029,3,1,1,0
2029,4,1,1,0
2030,2,1,1,0
2030,4,1,1,0
2031,2,1,1,0
2031,3,1,1,0
2031,4,1,1,0
2032,2,1,1,0
2032,3,1,1,0
2032,4,1,1,0
2033,2,1,1,0
2033,3,1,1,0
2033,4,1,1,0
2034,2,1,1,0
2034,4,1,1,0
2035,2,1,1,0
2035,3,1,1,0
2035,4,1,1,0
2036,2,1,1,0
2036,4,1,1,0
2037,2,1,1,0
2037,3,1,1,0
2037,4,1,1,0
2038,2,1,1,0
2038,3,1,1,0
2038,4,1,1,0
2039,2,1,1,0
2039,3,1,1,0
2039,4,1,1,0
2040,2,1,1,0
2040,3,1,1,0
2040,4,1,1,0
2041,2,1,1,0
2041,3,1,1,0
2041,4,1,1,0
2042,2,1,1,0
2042,3,1,1,0
2042,4,1,1,0
2043,2,1,1,0
2043,3,1,1,0
2043,4,1,1,0
2044,2,1,1,0
2044,3,1,1,0
2044,4,1,1,0
2045,2,1,1,0
2045,3,1,1,0
2045,4,1,1,0
2046,2,1,1,0
2046,3,1,1,0
2046,4,1,1,0
2047,2,1,1,0
2047,3,1,1,0
2047,4,1,1,0
2048,2,1,1,0
2048,3,1,1,0
2048,4,1,1,0
2049,2,1,1,0
2049,3,1,1,0
2049,4,1,1,0
2050,2,1,1,0
2050,3,1,1,0
2050,4,1,1,0
2051,2,1,1,0
2051,3,1,1,0
2051,4,1,1,0
2052,2,1,1,0
2052,3,1,1,0
2052,4,1,1,0
2053,2,1,1,0
2053,3,1,1,0
2053,4,1,1,0
2054,2,1,1,0
2054,3,1,1,0
2054,4,1,1,0
2055,2,1,1,0
2055,3,1,1,0
2055,4,1,1,0
2056,2,1,1,0
2056,3,1,1,0
2056,4,1,1,0
2057,2,1,1,0
2057,3,1,1,0
2057,4,1,1,0
2058,2,1,1,0
2058,3,1,1,0
2058,4,1,1,0
2059,2,1,1,0
2059,3,1,1,0
2059,4,1,1,0
2060,2,1,1,0
2060,4,1,1,0
2061,2,1,1,0
2061,3,1,1,0
2061,4,1,1,0
2062,2,1,1,0
2062,3,1,1,0
2062,4,1,1,0
2063,2,1,1,0
2063,3,1,1,0
2063,4,1,1,0
2064,2,1,1,0
2064,3,1,1,0
2064,4,1,1,0
2065,2,1,1,0
2065,3,1,1,0
2065,4,1,1,0
2066,2,1,1,0
2066,3,1,1,0
2066,4,1,1,0
2067,2,1,1,0
2067,3,1,1,0
2067,4,1,1,0
2068,2,1,1,0
2068,3,1,1,0
2068,4,1,1,0
2069,2,1,1,0
2069,4,1,1,0
2070,2,1,1,0
2070,3,1,1,0
2070,4,1,1,0
2071,2,1,1,0
2071,3,1,1,0
2071,4,1,1,0
2072,2,1,1,0
2072,3,1,1,0
2072,4,1,1,0
2073,2,1,1,0
2073,3,1,1,0
2073,4,1,1,0
2074,2,1,1,0
2074,3,1,1,0
2074,4,1,1,0
2075,2,1,1,0
2075,3,1,1,0
2075,4,1,1,0
2076,2,1,1,0
2076,3,1,1,0
2076,4,1,1,0
2077,2,1,1,0
2077,3,1,1,0
2077,4,1,1,0
2078,2,1,1,0
2078,3,1,1,0
2078,4,1,1,0
2079,2,1,1,0
2079,4,1,1,0
2080,2,1,1,0
2080,3,1,1,0
2080,4,1,1,0
2081,2,1,1,0
2081,3,1,1,0
2081,4,1,1,0
2082,2,1,1,0
2082,3,1,1,0
2082,4,1,1,0
2083,2,1,1,0
2083,3,1,1,0
2083,4,1,1,0
2084,2,1,1,0
2084,4,1,1,0
2085,2,1,1,0
2085,3,1,1,0
2085,4,1,1,0
2086,2,1,1,0
2086,3,1,1,0
2086,4,1,1,0
2087,2,1,1,0
2087,3,1,1,0
2087,4,1,1,0
2088,2,1,1,0
2088,3,1,1,0
2088,4,1,1,0
2089,2,1,1,0
2089,3,1,1,0
2089,4,1,1,0
2090,2,1,1,0
2090,3,1,1,0
2090,4,1,1,0
2091,2,1,1,0
2091,3,1,1,0
2091,4,1,1,0
2092,2,1,1,0
2092,3,1,1,0
2092,4,1,1,0
2093,2,1,1,0
2093,3,1,1,0
2093,4,1,1,0
2094,2,1,1,0
2094,3,1,1,0
2094,4,1,1,0
2095,2,1,1,0
2095,4,1,1,0
2096,2,1,1,0
2096,3,1,1,0
2096,4,1,1,0
2097,2,1,1,0
2097,3,1,1,0
2097,4,1,1,0
2098,2,1,1,0
2098,3,1,1,0
2098,4,1,1,0
2099,2,1,1,0
2099,3,1,1,0
2099,4,1,1,0
2100,2,1,1,0
2100,3,1,1,0
2100,4,1,1,0
2101,2,1,1,0
2101,3,1,1,0
2101,4,1,1,0
2102,2,1,1,0
2102,3,1,1,0
2102,4,1,1,0
2103,2,1,1,0
2103,3,1,1,0
2103,4,1,1,0
2104,2,1,1,0
2104,3,1,1,0
2104,4,1,1,0
2105,2,1,1,0
2105,3,1,1,0
2105,4,1,1,0
2106,2,1,1,0
2106,3,1,1,0
2106,4,1,1,0
2107,2,1,1,0
2107,3,1,1,0
2107,4,1,1,0
2108,2,1,1,0
2108,4,1,1,0
2109,2,1,1,0
2109,3,1,1,0
2109,4,1,1,0
2110,2,1,1,0
2110,4,1,1,0
2111,2,1,1,0
2111,3,1,1,0
2111,4,1,1,0
2112,2,1,1,0
2112,4,1,1,0
2113,2,1,1,0
2113,3,1,1,0
2113,4,1,1,0
2114,2,1,1,0
2114,3,1,1,0
2114,4,1,1,0
2115,2,1,1,0
2115,3,1,1,0
2115,4,1,1,0
2116,2,1,1,0
2116,4,1,1,0
2117,2,1,1,0
2117,3,1,1,0
2117,4,1,1,0
2118,2,1,1,0
2118,3,1,1,0
2118,4,1,1,0
2119,2,1,1,0
2119,3,1,1,0
2119,4,1,1,0
2120,2,1,1,0
2120,3,1,1,0
2120,4,1,1,0
2121,2,1,1,0
2121,3,1,1,0
2121,4,1,1,0
2122,2,1,1,0
2122,3,1,1,0
2122,4,1,1,0
2123,2,1,1,0
2123,3,1,1,0
2123,4,1,1,0
2124,2,1,1,0
2124,3,1,1,0
2124,4,1,1,0
2125,2,1,1,0
2125,3,1,1,0
2125,4,1,1,0
2126,2,1,1,0
2126,3,1,1,0
2126,4,1,1,0
2127,2,1,1,0
2127,3,1,1,0
2127,4,1,1,0
2128,2,1,1,0
2128,3,1,1,0
2128,4,1,1,0
2129,2,1,1,0
2129,3,1,1,0
2129,4,1,1,0
2130,2,1,1,0
2130,3,1,1,0
2130,4,1,1,0
2131,2,1,1,0
2131,3,1,1,0
2131,4,1,1,0
2132,2,1,1,0
2132,3,1,1,0
2132,4,1,1,0
2133,2,1,1,0
2133,4,1,1,0
2134,2,1,1,0
2134,4,1,1,0
2135,2,1,1,0
2135,3,1,1,0
2135,4,1,1,0
2136,2,1,1,0
2136,3,1,1,0
2136,4,1,1,0
2137,2,1,1,0
2137,3,1,1,0
2137,4,1,1,0
2138,2,1,1,0
2138,4,1,1,0
2139,2,1,1,0
2139,3,1,1,0
2139,4,1,1,0
2140,2,1,1,0
2140,3,1,1,0
2140,4,1,1,0
2141,2,1,1,0
2141,3,1,1,0
2141,4,1,1,0
2142,2,1,1,0
2142,3,1,1,0
2142,4,1,1,0
2143,2,1,1,0
2143,3,1,1,0
2143,4,1,1,0
2144,2,1,1,0
2144,4,1,1,0
2145,2,1,1,0
2145,3,1,1,0
2145,4,1,1,0
2146,2,1,1,0
2146,3,1,1,0
2146,4,1,1,0
2147,2,1,1,0
2147,3,1,1,0
2147,4,1,1,0
2148,2,1,1,0
2148,3,1,1,0
2148,4,1,1,0
2149,2,1,1,0
2149,3,1,1,0
2149,4,1,1,0
2150,2,1,1,0
2150,3,1,1,0
2151,2,1,1,0
2151,4,1,1,0
2152,2,1,1,0
2152,3,1,1,0
2152,4,1,1,0
2153,2,1,1,0
2153,3,1,1,0
2153,4,1,1,0
2154,2,1,1,0
2154,4,1,1,0
2155,2,1,1,0
2155,3,1,1,0
2155,4,1,1,0
2156,2,1,1,0
2156,4,1,1,0
2157,2,1,1,0
2157,3,1,1,0
2157,4,1,1,0
2158,2,1,1,0
2158,3,1,1,0
2158,4,1,1,0
2159,2,1,1,0
2159,4,1,1,0
2160,2,1,1,0
2160,4,1,1,0
2161,2,1,1,0
2161,3,1,1,0
2161,4,1,1,0
2162,2,1,1,0
2162,3,1,1,0
2162,4,1,1,0
2163,2,1,1,0
2163,3,1,1,0
2163,4,1,1,0
2164,2,1,1,0
2164,3,1,1,0
2164,4,1,1,0
2165,2,1,1,0
2165,4,1,1,0
2166,2,1,1,0
2166,3,1,1,0
2167,2,1,1,0
2167,3,1,1,0
2168,2,1,1,0
2168,3,1,1,0
2168,4,1,1,0
2169,2,1,1,0
2169,3,1,1,0
2169,4,1,1,0
2170,2,1,1,0
2170,3,1,1,0
2170,4,1,1,0
2171,2,1,1,0
2171,3,1,1,0
2171,4,1,1,0
2172,2,1,1,0
2172,3,1,1,0
2172,4,1,1,0
2173,2,1,1,0
2173,3,1,1,0
2173,4,1,1,0
2174,2,1,1,0
2174,4,1,1,0
2175,2,1,1,0
2175,4,1,1,0
2176,2,1,1,0
2176,4,1,1,0
2177,2,1,1,0
2177,3,1,1,0
2177,4,1,1,0
2178,2,1,1,0
2178,4,1,1,0
2179,2,1,1,0
2179,4,1,1,0
2180,2,1,1,0
2180,3,1,1,0
2180,4,1,1,0
2181,2,1,1,0
2181,3,1,1,0
2181,4,1,1,0
2182,2,1,1,0
2182,3,1,1,0
2182,4,1,1,0
2183,2,1,1,0
2183,3,1,1,0
2183,4,1,1,0
2184,2,1,1,0
2184,3,1,1,0
2184,4,1,1,0
2185,2,1,1,0
2185,3,1,1,0
2185,4,1,1,0
2186,2,1,1,0
2186,3,1,1,0
2186,4,1,1,0
2187,2,1,1,0
2187,3,1,1,0
2187,4,1,1,0
2188,2,1,1,0
2188,3,1,1,0
2188,4,1,1,0
2189,2,1,1,0
2189,3,1,1,0
2189,4,1,1,0
2190,2,1,1,0
2190,3,1,1,0
2190,4,1,1,0
2191,2,1,1,0
2191,3,1,1,0
2191,4,1,1,0
2192,2,1,1,0
2192,3,1,1,0
2192,4,1,1,0
2193,2,1,1,0
2193,3,1,1,0
2193,4,1,1,0
2194,2,1,1,0
2194,4,1,1,0
2195,2,1,1,0
2195,3,1,1,0
2195,4,1,1,0
2196,2,1,1,0
2196,3,1,1,0
2196,4,1,1,0
2197,2,1,1,0
2197,3,1,1,0
2197,4,1,1,0
2198,2,1,1,0
2198,3,1,1,0
2198,4,1,1,0
2199,2,1,1,0
2199,3,1,1,0
2199,4,1,1,0
2200,2,1,1,0
2200,3,1,1,0
2200,4,1,1,0
2201,2,1,1,0
2201,3,1,1,0
2201,4,1,1,0
2202,2,1,1,0
2202,3,1,1,0
2202,4,1,1,0
2203,2,1,1,0
2203,3,1,1,0
2203,4,1,1,0
2204,2,1,1,0
2204,4,1,1,0
2205,2,1,1,0
2205,3,1,1,0
2205,4,1,1,0
2206,2,1,1,0
2206,3,1,1,0
2206,4,1,1,0
2207,2,1,1,0
2207,3,1,1,0
2207,4,1,1,0
2208,2,1,1,0
2208,4,1,1,0
2209,2,1,1,0
2209,4,1,1,0
2210,2,1,1,0
2210,4,1,1,0
2211,2,1,1,0
2211,3,1,1,0
2211,4,1,1,0
2212,2,1,1,0
2212,4,1,1,0
2213,2,1,1,0
2213,4,1,1,0
2214,2,1,1,0
2214,3,1,1,0
2214,4,1,1,0
2215,2,1,1,0
2215,3,1,1,0
2215,4,1,1,0
2216,2,1,1,0
2216,3,1,1,0
2216,4,1,1,0
2217,2,1,1,0
2217,3,1,1,0
2217,4,1,1,0
2218,2,1,1,0
2218,3,1,1,0
2218,4,1,1,0
2219,2,1,1,0
2219,3,1,1,0
2219,4,1,1,0
2220,2,1,1,0
2220,3,1,1,0
2220,4,1,1,0
2221,2,1,1,0
2221,3,1,1,0
2221,4,1,1,0
2222,2,1,1,0
2222,3,1,1,0
2222,4,1,1,0
2223,2,1,1,0
2223,3,1,1,0
2223,4,1,1,0
2224,2,1,1,0
2224,3,1,1,0
2224,4,1,1,0
2225,2,1,1,0
2225,3,1,1,0
2225,4,1,1,0
2226,2,1,1,0
2226,3,1,1,0
2226,4,1,1,0
2227,2,1,1,0
2227,3,1,1,0
2227,4,1,1,0
2228,2,1,1,0
2228,4,1,1,0
2229,2,1,1,0
2229,4,1,1,0
2230,2,1,1,0
2230,3,1,1,0
2230,4,1,1,0
2231,2,1,1,0
2231,3,1,1,0
2231,4,1,1,0
2232,2,1,1,0
2232,3,1,1,0
2232,4,1,1,0
2233,2,1,1,0
2233,3,1,1,0
2233,4,1,1,0
2234,2,1,1,0
2234,3,1,1,0
2234,4,1,1,0
2235,2,1,1,0
2235,3,1,1,0
2235,4,1,1,0
2236,2,1,1,0
2236,4,1,1,0
2237,2,1,1,0
2237,3,1,1,0
2237,4,1,1,0
2238,2,1,1,0
2238,3,1,1,0
2238,4,1,1,0
2239,2,1,1,0
2239,3,1,1,0
2239,4,1,1,0
2240,2,1,1,0
2240,3,1,1,0
2240,4,1,1,0
2241,2,1,1,0
2241,3,1,1,0
2241,4,1,1,0
2242,2,1,1,0
2242,3,1,1,0
2242,4,1,1,0
2243,2,1,1,0
2243,4,1,1,0
2244,2,1,1,0
2244,4,1,1,0
2245,2,1,1,0
2245,4,1,1,0
2246,2,1,1,0
2246,4,1,1,0
2247,2,1,1,0
2247,4,1,1,0
2248,2,1,1,0
2248,3,1,1,0
2248,4,1,1,0
2249,2,1,1,0
2249,3,1,1,0
2249,4,1,1,0
2250,2,1,1,0
2250,3,1,1,0
2250,4,1,1,0
2251,2,1,1,0
2251,4,1,1,0
2252,2,1,1,0
2252,3,1,1,0
2252,4,1,1,0
2253,2,1,1,0
2253,3,1,1,0
2253,4,1,1,0
2254,2,1,1,0
2254,4,1,1,0
2255,2,1,1,0
2255,3,1,1,0
2255,4,1,1,0
2256,2,1,1,0
2256,3,1,1,0
2256,4,1,1,0
2257,2,1,1,0
2257,3,1,1,0
2257,4,1,1,0
2258,2,1,1,0
2258,3,1,1,0
2258,4,1,1,0
2259,2,1,1,0
2259,3,1,1,0
2259,4,1,1,0
2260,2,1,1,0
2260,3,1,1,0
2260,4,1,1,0
2261,2,1,1,0
2261,4,1,1,0
2262,2,1,1,0
2262,4,1,1,0
2263,2,1,1,0
2263,4,1,1,0
2264,2,1,1,0
2264,3,1,1,0
2264,4,1,1,0
2265,2,1,1,0
2265,3,1,1,0
2265,4,1,1,0
2266,2,1,1,0
2266,4,1,1,0
2267,2,1,1,0
2267,3,1,1,0
2267,4,1,1,0
2268,2,1,1,0
2268,3,1,1,0
2268,4,1,1,0
2269,2,1,1,0
2269,4,1,1,0
2270,2,1,1,0
2270,3,1,1,0
2270,4,1,1,0
2271,2,1,1,0
2271,3,1,1,0
2271,4,1,1,0
2272,2,1,1,0
2272,4,1,1,0
2273,2,1,1,0
2273,3,1,1,0
2273,4,1,1,0
2274,2,1,1,0
2274,4,1,1,0
2275,2,1,1,0
2275,4,1,1,0
2276,2,1,1,0
2276,3,1,1,0
2276,4,1,1,0
2277,2,1,1,0
2277,3,1,1,0
2277,4,1,1,0
2278,2,1,1,0
2278,3,1,1,0
2278,4,1,1,0
2279,2,1,1,0
2279,3,1,1,0
2279,4,1,1,0
2280,2,1,1,0
2280,3,1,1,0
2280,4,1,1,0
2281,2,1,1,0
2281,3,1,1,0
2281,4,1,1,0
2282,2,1,1,0
2282,3,1,1,0
2282,4,1,1,0
2283,2,1,1,0
2283,4,1,1,0
2284,2,1,1,0
2284,3,1,1,0
2284,4,1,1,0
2285,2,1,1,0
2285,3,1,1,0
2285,4,1,1,0
2286,2,1,1,0
2286,3,1,1,0
2286,4,1,1,0
2287,2,1,1,0
2287,3,1,1,0
2287,4,1,1,0
2288,2,1,1,0
2288,3,1,1,0
2288,4,1,1,0
2289,2,1,1,0
2289,4,1,1,0
2290,2,1,1,0
2290,4,1,1,0
2291,2,1,1,0
2291,4,1,1,0
2292,2,1,1,0
2292,3,1,1,0
2292,4,1,1,0
2293,2,1,1,0
2293,3,1,1,0
2293,4,1,1,0
2294,2,1,1,0
2294,3,1,1,0
2294,4,1,1,0
2295,2,1,1,0
2295,4,1,1,0
2296,2,1,1,0
2296,4,1,1,0
2297,2,1,1,0
2297,4,1,1,0
2298,2,1,1,0
2298,3,1,1,0
2298,4,1,1,0
2299,2,1,1,0
2299,4,1,1,0
2300,2,1,1,0
2300,4,1,1,0
2301,2,1,1,0
2301,4,1,1,0
2302,2,1,1,0
2302,4,1,1,0
2303,2,1,1,0
2303,4,1,1,0
2304,2,1,1,0
2304,4,1,1,0
2305,2,1,1,0
2305,4,1,1,0
2306,2,1,1,0
2306,4,1,1,0
2307,2,1,1,0
2307,4,1,1,0
2308,2,1,1,0
2308,4,1,1,0
2309,2,1,1,0
2309,4,1,1,0
2310,2,1,1,0
2310,4,1,1,0
2311,2,1,1,0
2311,4,1,1,0
2312,2,1,1,0
2312,4,1,1,0
2313,2,1,1,0
2313,4,1,1,0
2314,2,1,1,0
2314,4,1,1,0
2315,2,1,1,0
2315,4,1,1,0
2316,2,1,1,0
2316,4,1,1,0
